Keyword,Intent,Volume,Trend,Keyword Difficulty,CPC (USD),Competitive Density,SERP Features,Number of Results
ai answer generator,Commercial,12100,"0.29,0.19,0.29,0.36,0.44,0.66,0.81,0.44,0.36,0.44,0.81,1.00",26.0,0.83,0.38,"Sitelinks, Reviews, Image pack, Related searches",453000000.0
ai answer generator free,Commercial,720,"0.59,0.32,0.48,0.59,0.88,1.00,1.00,0.59,0.48,0.59,1.00,1.00",32.0,0.85,0.35,"Sitelinks, Reviews, Image pack, Related searches",117000000.0
ai realistic answer generator,Commercial,720,"1.00,0.00,0.00",20.0,0.0,0.0,"Sitelinks, Reviews, Image pack, People also ask, Related searches",13800000.0
ai question answer generator,Commercial,480,"0.29,0.23,0.36,0.44,0.81,0.67,0.67,0.54,0.44,0.54,1.00,0.81",26.0,1.12,0.42,"Sitelinks, Reviews, Image pack, Video carousel, Related searches",51600000.0
free ai answer generator,Commercial,480,"0.29,0.23,0.36,0.67,0.67,0.81,0.67,0.44,0.36,0.44,0.81,1.00",27.0,1.06,0.46,"Sitelinks, Reviews, People also ask, Related searches",77100000.0
ai interview answers generator,Informational,320,"0.44,0.28,0.35,0.35,0.44,0.28,0.35,0.66,0.54,0.81,1.00,1.00",9.0,1.61,0.47,"Sitelinks, Reviews, Image pack, Video carousel, People also ask, Discussions and forums, Related searches",13500000.0
akkio ai answer generator,Navigational,320,"0.10,0.54,0.66,0.66,0.81,0.66,1.00",13.0,2.1,0.04,"Sitelinks, Reviews, Related searches",82.0
ai generated answers,Commercial,260,"0.29,0.22,0.35,0.35,0.54,0.81,0.81,0.54,0.54,0.66,0.81,1.00",43.0,1.31,0.42,"Reviews, People also ask, Related searches",296000000.0
ai interview answer generator,Commercial,260,"0.28,0.43,1.00,0.66,0.82,0.53,0.82,0.82,0.82,0.82,0.53,0.82",14.0,1.61,0.47,"Reviews, Video, People also ask, Discussions and forums, Related searches",5680000.0
ai generator answers,Informational,210,"0.43,0.23,0.17,0.28,0.53,0.82,0.66,0.43,0.35,0.43,0.66,1.00",25.0,0.83,0.32,"Reviews, Video, Related searches",180000000.0
ai answer generator online free,Commercial,170,"0.34,0.34,0.28,0.34,0.81,0.65,0.21,0.43,0.65,0.81,0.81,1.00",30.0,0.78,0.42,"Sitelinks, Reviews, Video, Related searches",51700000.0
ai question answer generator free,Informational,170,"0.02,0.02,0.02,0.04,0.04,0.05,0.23,0.19,0.19,0.36,0.66,1.00",26.0,1.26,0.52,"Sitelinks, Reviews, Related searches",111000000.0
answer ai generator,Informational,170,"0.03,0.03,0.03,0.18,0.35,0.54,0.35,0.18,0.11,0.23,0.54,1.00",23.0,0.78,0.32,"Reviews, Image pack, Related searches",85100000.0
answer generator ai,Commercial,170,"0.34,0.21,0.34,0.53,0.65,0.81,0.65,0.34,0.21,0.43,0.81,1.00",28.0,0.88,0.27,"Reviews, Image pack, Related searches",105000000.0
ai generator answer,Informational,140,"0.17,0.10,0.23,0.10,0.23,0.43,0.43,0.28,0.23,0.28,0.66,1.00",25.0,0.83,0.32,"Reviews, Video carousel, Discussions and forums, Related searches",81800000.0
best ai answer generator,Commercial,140,"0.80,0.80,0.42,0.66,0.52,1.00,0.80,0.52,0.42,0.42,0.66,0.80",27.0,1.79,0.58,"Reviews, Video, People also ask, Discussions and forums, Related searches",59800000.0
ai answer generator picture,Commercial,110,"0.15,0.07,0.65,0.07,0.07,0.34,0.53,0.19,0.26,0.42,1.00,1.00",13.0,1.25,0.55,"Reviews, Video, Related searches, Ads top, Ads bottom",20300000.0
ai answer generator gpt,Commercial,90,"0.09,0.09,0.09,0.09,0.23,0.42,0.80,0.52,0.42,0.42,1.00,1.00",29.0,1.43,0.46,"Sitelinks, Reviews, Image pack, Video, Related searches",22100000.0
ai free answer generator,Commercial,90,"0.64,0.11,0.11,0.23,0.41,0.64,0.52,0.41,0.29,0.41,0.82,1.00",24.0,0.75,0.25,"Reviews, Video carousel, Related searches",60800000.0
ai generator answer questions,Navigational,90,"0.11,0.11,0.23,0.29,1.00,1.00,1.00,0.52,0.23,0.29,0.41,0.41",29.0,1.24,0.42,"Reviews, People also ask, Related searches, Ads bottom",49100000.0
free ai question answer generator,Navigational,90,"0.65,0.11,0.11,0.18,0.53,0.53,0.65,0.65,0.41,0.65,0.83,1.00",29.0,0.89,0.52,"Sitelinks, Reviews, People also ask, Related searches",34800000.0
ai answers generator,Commercial,70,"0.00,0.00,0.00,0.00,0.03,0.65,1.00,0.07,0.15,0.07,0.26,0.53",32.0,0.83,0.38,"Sitelinks, Reviews, Image pack, Video carousel, People also ask, Related searches",167000000.0
ai generated answer,Informational,70,"0.28,0.21,0.28,0.13,0.50,0.63,0.63,0.35,0.35,0.63,1.00,1.00",32.0,1.31,0.42,"Reviews, People also ask, Discussions and forums, Related searches",285000000.0
ai generated answers to questions,Informational,70,"0.14,0.14,0.64,0.78,0.64,0.64,1.00,0.64,0.28,0.35,0.35,0.35",32.0,1.75,0.39,"Reviews, Video carousel, People also ask, Discussions and forums, Related searches, Ads top",148000000.0
ai generator answer question,Navigational,70,"1.00,0.63,0.63,1.00,1.00,1.00,1.00,0.45,0.36,0.36,0.45,0.45",30.0,1.24,0.42,"Reviews, Video carousel, People also ask, Related searches",44400000.0
ai generator questions and answers,Navigational,70,"0.35,0.07,1.00,0.78,0.64,0.64,0.64,0.21,0.14,0.14,0.35,0.14",28.0,0.89,0.43,"Reviews, Image pack, Video, Discussions and forums, Related searches, Ads top",122000000.0
ai homework answer generator,Commercial,70,"0.14,0.14,0.21,0.78,0.50,0.35,0.64,0.35,0.50,0.50,1.00,0.78",40.0,1.2,0.57,"Sitelinks, Reviews, Related searches",18100000.0
ai interview answer generator free,Commercial,70,"0.23,0.17,0.29,0.29,0.41,0.17,0.64,0.41,0.52,1.00,0.64,0.52",4.0,1.12,0.5,"Sitelinks, Reviews, Video, Discussions and forums, Related searches",3530000.0
ai questions and answers generator,Navigational,70,"1.00,0.18,0.81,1.00,0.81,0.81,0.81,0.45,0.45,0.36,0.27,0.36",28.0,1.57,0.43,"Sitelinks, Reviews, Discussions and forums, Related searches",129000000.0
ai quiz answer generator,Commercial,70,"0.09,0.66,0.09,0.33,0.09,0.09,0.19,0.09,0.23,0.23,0.42,1.00",4.0,1.27,0.52,"Sitelinks, Reviews, Related searches",13400000.0
ai test answer generator,Informational,70,"0.14,0.14,0.14,0.14,0.64,0.35,0.78,0.50,0.50,0.50,1.00,0.78",30.0,1.99,0.51,"Reviews, Image pack, Video, People also ask, Related searches",120000000.0
ai answer generator free no sign up,"Navigational, Transactional",50,"0.11,0.11,0.11,0.64,1.00,0.64,0.29,0.17,0.11,0.23,0.17,0.11",20.0,0.0,0.2,"Reviews, People also ask, Related searches",63400000.0
ai answer generator google,Commercial,50,"0.44,0.44,1.00,0.44,0.44,0.77,0.77,0.77,0.55,0.55,0.77,0.77",27.0,0.93,0.34,"Sitelinks, Reviews, People also ask, Discussions and forums, Related searches",42800000.0
ai generator answers questions,Navigational,50,"1.00,1.00,0.81,1.00,0.81,0.18,0.18,0.18,0.36,0.00,0.45,0.00",29.0,1.24,0.42,"Reviews, Discussions and forums, Related searches",47400000.0
ai generator for answering questions,Navigational,50,"0.64,1.00,0.21,1.00,0.21,0.28,0.21,0.28,0.14,0.14,0.14,0.14",30.0,1.62,0.29,"Reviews, Image pack, Video carousel, Discussions and forums, Related searches",196000000.0
ai generator question answer,Commercial,50,"0.11,0.33,0.55,0.55,1.00",32.0,0.95,0.31,"Sitelinks, Reviews, Related searches",45300000.0
ai generator to answer questions,Navigational,50,"0.09,0.52,1.00,0.09,0.09,0.14,0.14,0.14,0.14,0.09,0.09,0.09",28.0,1.35,0.63,"Sitelinks, Reviews, Video carousel, People also ask, Related searches, Ads bottom",47300000.0
ai image answer generator,Commercial,50,"0.13,0.13,0.13,0.13,0.13,0.28,0.63,0.35,0.13,0.28,0.78,1.00",10.0,1.17,0.49,"Reviews, Related searches, Ads top, Ads bottom",56300000.0
ai interview answers generator free,Commercial,50,"0.18,0.18,0.18,0.18,0.18,0.81,0.36,0.81,1.00,0.63,0.81,0.63",9.0,1.12,0.5,"Sitelinks, Reviews, Video, Discussions and forums, Related searches",10700000.0
ai interview answers generator real time,Informational,50,"0.00,0.00,0.27,0.27,0.27,0.27,0.27,0.36,0.63,0.36,1.00,1.00",18.0,1.94,0.59,"Sitelinks, Reviews, Video, People also ask, Discussions and forums",12700000.0
ai photo answer generator,Commercial,50,"0.00,0.14,0.50,0.14,0.14,0.28,0.78,1.00",14.0,1.36,0.59,"Reviews, Image pack, Video, Related searches",16100000.0
ai picture answer generator,Transactional,50,"0.11,0.11,0.11,0.11,0.11,0.17,0.52,0.41,0.17,0.29,0.82,1.00",15.0,1.26,0.55,"Reviews, Image pack, Video, Related searches, Ads bottom",94400000.0
ai question and answer generator,Commercial,50,"0.18,0.00,0.09,0.18,0.45,0.81,0.45,1.00,0.36,0.36,0.63,0.81",30.0,1.57,0.43,"Sitelinks, Reviews, Video carousel, People also ask, Discussions and forums, Related searches",196000000.0
ai short answer generator,Commercial,50,"0.18,0.18,0.18,0.18,0.18,0.36,0.63,0.45,0.45,0.45,1.00,0.81",29.0,1.21,0.4,"Reviews, People also ask, Related searches",24600000.0
unblocked ai answer generator,Commercial,50,"0.09,1.00",26.0,0.0,0.0,"Reviews, Image pack, Related searches",153000.0
ai answer generator chat gpt,Commercial,40,"0.22,0.22,0.22,0.22,0.33,0.56,1.00,0.44,0.22,0.22,1.00,0.56",19.0,1.12,0.32,"Sitelinks, Reviews, Image pack, Discussions and forums, Related searches",16200000.0
ai chat answer generator,Commercial,40,"0.28,0.28,0.28,0.28,0.28,0.28,0.71,0.57,0.71,1.00,0.57,0.71",26.0,1.47,0.44,"Sitelinks, Reviews, Discussions and forums, Related searches",133000000.0
ai generate answers,Commercial,40,"0.00,0.11,0.33,0.77,0.11,0.44,0.44,1.00,0.44,0.44,0.44,0.44",24.0,1.31,0.42,"Reviews, Image pack, Video carousel, Related searches",189000000.0
ai generated questions and answers,Navigational,40,"1.00,0.29,0.41,0.11,0.23,0.11,0.11,0.11,0.11,0.11,0.11,0.11",32.0,1.32,0.44,"Reviews, Video carousel, Discussions and forums, Related searches",232000000.0
ai-generated answer,Commercial,40,"0.00,0.00,0.00,0.00,0.17,0.17,0.23,0.23,0.05,0.05,0.82,1.00",32.0,1.31,0.42,"Sitelinks, Reviews, Video, People also ask, Related searches",403000000.0
answers generator ai,Commercial,40,"0.11,0.22,1.00,0.00,0.55,0.44,0.55,0.55,0.77",27.0,0.88,0.27,"Reviews, Video carousel, Related searches",63300000.0
photo ai answer generator,Commercial,40,"0.00,0.00,0.63,0.18,0.18,0.27,0.63,0.27,0.18,0.27,0.81,1.00",14.0,1.19,0.53,"Reviews, Image pack, Related searches",16300000.0
ai answer generater,Commercial,30,"0.00,0.28,0.42,0.28,0.14,0.28,0.57,1.00",24.0,0.0,0.0,"Sitelinks, Reviews, Related searches",534000000.0
ai answer generator free online,Commercial,30,"0.00,0.00,0.00,0.14,0.28,0.14,1.00,0.28,0.14,0.14,0.21,0.14",28.0,0.65,0.45,"Sitelinks, Reviews, Video, Related searches, Ads bottom",36600000.0
ai answer generator no sign up,"Navigational, Transactional",30,"1.00,0.11,0.11,0.11,0.11,0.17,0.11,0.11,0.11,0.11,0.11,0.11",20.0,0.0,0.23,"Reviews, Related searches",73400000.0
ai answer generator unblocked,Informational,30,"0.28,0.28,1.00,0.42,0.00,0.14,0.71,0.71",18.0,0.0,0.0,"Reviews, Image pack, People also ask, Related searches",212000.0
ai interview questions and answers generator,Commercial,30,"0.80,0.40,0.60,0.80,0.40,0.40,0.40,0.60,0.40,0.60,0.40,1.00",11.0,1.32,0.37,"Sitelinks, Reviews, Video, Discussions and forums, Related searches",4690000.0
ai math answer generator,Commercial,30,"1.00,0.22,0.22,0.22,0.22,0.22,0.44,0.22,0.22,0.22,0.22,0.22",48.0,1.02,0.4,"Sitelinks, Reviews, Video, Related searches, Questions and answers, Ads bottom",48100000.0
ai survey answer generator,Commercial,30,"0.40,0.40,0.40,0.40,0.40,0.40,0.80,0.60,0.80,0.80,1.00,0.60",30.0,3.19,0.52,"Reviews, People also ask, Related searches",9910000.0
best free ai answer generator,Commercial,30,"0.40,0.40,0.40,0.40,0.40,1.00,0.80,0.60,0.40,0.40,0.60,0.40",18.0,1.45,0.39,"Reviews, People also ask, Discussions and forums, Related searches",36900000.0
career essentials in generative ai by microsoft and linkedin answers,Commercial,30,"0.44,0.22,0.22,0.22,1.00,0.22,0.22,0.22,0.22,0.22,0.22,0.22",18.0,0.0,0.09,"Sitelinks, Reviews, Related searches",95900.0
free ai interview answer generator,Commercial,30,"0.00,0.00,0.00,0.22,0.22,0.22,0.33,0.44,0.55,0.55,0.77,1.00",9.0,1.65,0.62,"Sitelinks, Reviews, Video, Discussions and forums",3310000.0
free ai interview answers generator,Informational,30,"0.09,0.18,0.09,0.09,1.00",16.0,1.65,0.62,"Sitelinks, Reviews, Video, People also ask, Discussions and forums, Related searches",30100000.0
free online ai answer generator,Commercial,30,"0.21,1.00,0.21,0.21,0.21,0.21,0.21,0.21,0.21,0.21,0.21,0.21",26.0,0.44,0.71,"Sitelinks, Reviews, Video carousel, Related searches",189000000.0
generative ai at sap course assignment answers,"Informational, Transactional",30,"0.00,0.00,0.00,1.00,0.11,0.11,0.11,0.11,0.11,0.11,0.00,0.00",18.0,0.0,0.0,"Reviews, Video, Related searches",68.0
generative ai overview for project managers answers,Informational,30,"1.00,0.14,0.14,0.14,0.14,0.14,0.14,0.14,0.14,0.14,0.14,0.14",11.0,3.84,0.47,"People also ask, Related searches",14700000.0
generative ai refresher e0 answers,Informational,30,"1.00,0.40,0.40,0.40,0.40",18.0,2.28,0.18,"Reviews, Image pack, Video, Related searches",36.0
google ai answer generator,"Informational, Transactional",30,"0.00,0.14,0.14,0.14,0.28,0.57,0.57,0.71,0.42,0.28,0.42,1.00",39.0,1.23,0.28,"Sitelinks, Reviews, Video, People also ask, Discussions and forums, Related searches, Ads bottom",46600000.0
introduction to generative ai google quiz answers,,30,"0.11,1.00,0.41,0.11,0.11,0.11,0.11,0.00,0.11,0.11,0.00,0.11",,0.0,0.0,,
online ai answer generator,Commercial,30,"0.39,0.39,0.39,0.39,0.59,0.39,0.39,0.39,0.39,0.59,1.00,1.00",31.0,1.09,0.58,"Sitelinks, Reviews, Video, People also ask, Related searches, Ads top",49100000.0
tcs generative ai e0 assessment answers,,30,"0.09,0.09,0.09,0.09,0.09,0.09,0.09,1.00,1.00,0.18,0.18,0.18",,0.0,0.01,,
accenture generative ai tq answers,,20,"0.00,0.00,0.00,1.00,0.22,0.22,0.00,0.22,0.22,0.22,0.22,0.00",,0.0,0.0,,
accenture tq generative ai answers,,20,"0.00,0.00,1.00,1.00,1.00,1.00,1.00,1.00,1.00,1.00,1.00,1.00",,0.0,0.0,,
accenture tq generative ai answers pdf,,20,"0.00,0.00,0.00,1.00,1.00,1.00,1.00,1.00,1.00,1.00,1.00,1.00",,0.0,0.0,,
ai answer generator for job application,,20,"0.50,1.00,1.00,1.00,1.00",,2.5,0.39,,
ai answer generator from picture,,20,"0.20,0.20,1.00,1.00,0.40,0.40,0.40,0.40,0.40,0.40,0.40,0.40",,1.31,0.55,,
ai answer generator math,,20,"0.67,0.67,1.00,0.67,0.67,0.67,1.00,0.67,0.67,0.67,0.67,0.67",,0.57,0.44,,
ai answer generator online,,20,"1.00,1.00,1.00,1.00,1.00,1.00,1.00,1.00,1.00,1.00,1.00,1.00",,0.0,0.14,,
ai answer generator photo,,20,"0.00,0.00,0.00,1.00,0.28,0.28,0.28,0.28,0.28,0.28,0.28,0.28",,1.16,0.51,,
ai answer generator with photo,,20,"0.00,0.00,0.00,0.28,0.28,0.28,0.28,0.28,0.28,0.28,0.28,1.00",,0.94,0.47,,
ai answer questions generator,,20,"0.50,0.50,0.50,0.50,1.00,1.00,0.50,0.50,0.50,0.50,0.50,0.50",,1.01,0.39,,
ai auto answer generator,,20,"1.00,1.00,1.00,1.00,1.00,1.00,1.00,1.00,1.00,1.00,1.00,1.00",,1.79,0.51,,
ai based answer generator,,20,"0.50,0.00,1.00,1.00,0.00,1.00,0.00,0.50,0.50,0.50,0.50,0.00",,0.0,0.0,,
ai bot answer generator,,20,"0.22,0.22,1.00,0.22,0.22,0.22,0.22,0.00,0.22,0.22,0.22,0.22",,0.0,0.64,,
ai english answer generator,,20,"1.00,0.29,0.29,0.57,0.29,0.29,0.29,0.29,0.00,0.29,0.29,0.43",,1.15,0.6,,
ai exam answer generator,,20,"0.66,0.66,0.66,0.66,0.66,0.66,1.00,0.66,0.66,0.66,0.66,0.66",,1.35,0.48,,
ai generated answer checker,,20,"1.00,1.00,1.00,1.00,1.00,1.00,1.00,1.00,1.00,1.00,1.00,1.00",,0.52,0.44,,
ai generated answers free,,20,"1.00,1.00,1.00,1.00,1.00,1.00,1.00,1.00,1.00,1.00,1.00,1.00",,0.95,0.49,,
ai generated answers to interview questions,,20,"0.00,1.00,1.00,1.00",,1.51,0.49,,
ai generated interview answers,,20,"0.66,0.66,0.66,0.66,1.00,0.66,0.66,1.00,0.66,0.66,0.66,0.66",,1.25,0.56,,
ai generated interview questions and answers,,20,"0.00,0.00,0.00,1.00,1.00,1.00,1.00,1.00,1.00,1.00,1.00,1.00",,2.34,0.67,,
ai generated question answer,,20,"1.00,0.14,0.14,0.28,0.28,0.28,0.28,0.28,0.28,0.28,0.28,0.28",,1.75,0.62,,
ai generator answer questions free,,20,"0.33,1.00,1.00,0.66,0.66,0.66,0.66,0.66,0.66,0.66",,0.34,0.45,,
ai generator question and answer,,20,"1.00,0.00,0.80,0.60,0.40,0.40,0.40,0.40,0.40,0.00,0.40,0.20",,0.89,0.43,,
ai interview answers generator real-time,,20,"0.00,0.00,0.14,0.14,0.14,0.57,0.71,0.14,0.14,0.42,1.00,0.42",,1.94,0.59,,
ai interview questions answers generator,,20,"0.50,1.00,1.00,1.00,1.00,1.00,1.00,1.00,1.00,1.00,1.00",,1.89,0.46,,
ai job interview answer generator,,20,"0.33,0.33,0.00,0.66,0.66,1.00,0.66,1.00,0.66",,1.88,0.61,,
ai job question answer generator,,20,"0.33,0.66,1.00,1.00",,1.59,0.58,,
ai math answer generator free,,20,"0.00,1.00,1.00,1.00,1.00,1.00,1.00,1.00,1.00,1.00,1.00,1.00",,0.0,0.43,,
ai multiple choice answer generator,,20,"0.00,0.00,0.00,0.00,0.14,0.14,0.14,1.00,0.14,0.14,0.14,0.14",,1.44,0.66,,
ai picture answer generator online free,,20,"0.00,0.33,0.66,0.66,1.00,0.66",,1.0,0.59,,
ai question to answer generator,,20,"0.00,0.00,1.00,1.00,1.00,1.00,1.00,1.00,1.00,1.00,1.00",,0.0,0.76,,
ai quora answer generator,,20,"1.00,1.00,1.00,1.00,1.00,1.00,1.00,1.00,1.00,1.00,1.00,1.00",,0.0,0.11,,
ai text answer generator,,20,"0.40,0.40,0.40,0.40,0.40,0.60,0.40,0.40,0.40,0.40,0.40,1.00",,1.71,0.34,,
ai that generates answers,,20,"0.33,0.33,0.33,0.33,0.00,0.33,0.66,0.66,0.66,0.66,1.00,0.66",,1.7,0.19,,
ai to generate answers,,20,"1.00,1.00,1.00,1.00,1.00,1.00,1.00,1.00,1.00,1.00,1.00,1.00",,1.6,0.73,,
answer generator ai free,,20,"1.00,1.00,1.00,1.00,1.00,1.00,1.00,1.00,1.00,0.00,1.00,1.00",,0.0,0.54,,
career essentials in generative ai answers,,20,"0.00,1.00,1.00,1.00,1.00,1.00,1.00,1.00,0.00,0.00,1.00,1.00",,0.0,0.0,,
career essentials in generative ai exam answers,,20,"1.00,1.00,1.00,1.00,1.00,1.00,1.00,1.00,1.00,1.00,1.00,1.00",,0.0,0.03,,
check if answer is ai generated,,20,"1.00,1.00,1.00,1.00,1.00,1.00,1.00,1.00,1.00,1.00,1.00,1.00",,0.0,0.14,,
clp foundational generative ai e0 sp answers,,20,"0.00,1.00,1.00,1.00",,0.0,0.0,,
databricks generative ai fundamentals answers,,20,"1.00,1.00,1.00,1.00,1.00,1.00,1.00,1.00,1.00,1.00,1.00,1.00",,10.49,0.27,,
foundational generative ai tcs answers,,20,"0.00,1.00,1.00,1.00,1.00",,0.0,0.0,,
free ai answer generator tool,,20,"0.50,0.50,0.50,1.00,1.00,1.00,1.00",,1.2,0.69,,
free ai question and answer generator,,20,"0.00,0.00,0.00,1.00,1.00,1.00,1.00,1.00,1.00,1.00,1.00,1.00",,0.0,0.46,,
generate ai answers,,20,"1.00,0.50,0.50,0.50,0.50,0.50,0.50,0.50,0.50,0.50,0.50,0.50",,1.56,0.49,,
generate answers ai,,20,"1.00,1.00,1.00,1.00,1.00,1.00,1.00,1.00,1.00,1.00,1.00,1.00",,1.54,0.69,,
generative ai - document retrieval and question answering with llms,,20,"1.00,1.00,1.00,1.00,1.00,1.00,1.00,1.00,1.00,1.00,1.00,1.00",,0.0,0.24,,
generative ai 101 online assessment answers,,20,"0.00,1.00,1.00,1.00",,0.0,0.21,,
generative ai answers,,20,"1.00,1.00,1.00,1.00,1.00,1.00,1.00,1.00,1.00,1.00,1.00,1.00",,2.05,0.48,,
generative ai assessment answers,,20,"1.00,1.00,1.00,1.00,1.00,1.00,1.00,1.00,1.00,1.00,1.00,1.00",,0.0,0.16,,
generative ai at sap quiz answers,,20,"0.00,0.00,0.00,1.00,0.28,0.28,0.28,0.28,0.28,0.28,0.28,0.28",,0.0,0.0,,
generative ai by microsoft and linkedin exam answers,,20,"1.00,1.00,1.00,1.00,1.00,1.00,1.00,1.00,1.00,1.00,1.00,1.00",,1.2,0.17,,
generative ai e0 assessment answers,,20,"1.00,1.00,1.00,1.00,1.00,1.00,1.00,1.00,1.00,0.00,1.00,1.00",,0.0,0.0,,
generative ai for business leaders quiz answers,,20,"1.00,1.00,1.00,1.00,1.00,1.00,1.00,1.00,1.00,1.00,1.00,1.00",,0.0,0.25,,
generative ai fundamentals quiz answers,,20,"1.00,1.00,1.00,1.00,1.00,1.00,1.00,1.00,1.00,1.00,1.00,1.00",,0.0,0.01,,
generative ai interview questions and answers,,20,"0.50,0.50,0.50,0.50,0.50,0.50,0.50,0.50,1.00,1.00,0.50,1.00",,2.44,0.48,,
generative ai landscape assessment answers infosys,,20,"0.00,0.00,1.00,1.00,1.00,1.00,1.00,1.00,1.00,1.00,1.00,0.00",,0.0,0.0,,
generative ai linkedin answers,,20,"1.00,0.00,1.00,1.00,1.00,1.00,0.00,1.00,0.00,1.00,1.00,1.00",,0.0,0.0,,
generative ai overview for project managers questions and answers,,20,"0.00,1.00,1.00,1.00,1.00,1.00,1.00,1.00,1.00,0.00,1.00",,0.0,0.5,,
generative ai question answering,,20,"1.00,1.00,1.00,1.00,1.00,1.00,0.00,1.00,1.00,1.00,0.00,0.00",,0.0,0.0,,
generative ai questions and answers,,20,"0.66,0.66,0.66,0.66,0.66,0.66,0.66,1.00,0.66,1.00,0.66,0.66",,2.22,0.38,,
generative ai quiz answers,,20,"1.00,1.00,1.00,1.00,1.00,1.00,1.00,1.00,1.00,1.00,1.00,1.00",,0.0,0.19,,
generative ai quiz questions and answers,,20,"1.00,1.00,1.00,1.00,1.00,1.00,1.00,1.00,1.00,1.00,1.00,0.00",,0.0,0.0,,
generative ai refresher e0 answers 80302,,20,"0.00,1.00,1.00,1.00,1.00",,0.0,0.07,,
generative ai tcs answers,,20,"0.00,0.22,0.00,0.00,0.11,0.00,0.11,1.00,0.22,0.22,0.22,0.22",,0.0,0.01,,
generative ai tq answers,,20,"0.00,0.00,0.50,1.00,1.00,1.00,1.00,1.00,1.00,1.00,1.00,1.00",,0.0,0.07,,
google generative ai answers,,20,"0.00,0.00,0.00,1.00,1.00,1.00,1.00,1.00,1.00,1.00,1.00,1.00",,0.0,0.0,,
google generative ai course answers,,20,"0.57,1.00,0.28,0.28,0.00,0.00,0.28,0.00,0.28,0.28,0.28,0.00",,0.0,0.0,,
google generative ai quiz answers,,20,"1.00,1.00,1.00,1.00,1.00,1.00,0.00,1.00,1.00,1.00,1.00,1.00",,0.0,0.0,,
google introduction to generative ai quiz answers,,20,"1.00,1.00,1.00,1.00,1.00,1.00,1.00,1.00,0.00,1.00,1.00,1.00",,0.0,0.0,,
history ai answer generator,,20,"0.33,0.33,0.33,0.66,1.00,1.00",,0.99,0.58,,
how to check if an answer is ai generated,,20,"0.50,1.00,1.00,1.00,1.00,1.00,1.00,1.00,1.00",,0.48,0.36,,
how to check if the answer is ai generated,,20,"1.00,1.00,1.00,1.00,1.00,1.00,1.00,1.00,1.00,1.00,1.00,1.00",,0.65,0.47,,
infosys generative ai landscape assessment answers,,20,"0.00,0.00,1.00,0.50,0.50,0.50,0.50,0.50,0.00,0.50,0.50,0.50",,0.0,0.0,,
interview answers ai generator,,20,"0.50,1.00,1.00,1.00,1.00,1.00,1.00,1.00,1.00,1.00",,2.1,0.47,,
introduction to generative ai quiz answers,,20,"1.00,1.00,1.00,1.00,1.00,1.00,1.00,1.00,1.00,1.00,1.00,1.00",,0.0,0.01,,
linkedin career essentials in generative ai exam answers,,20,"0.00,1.00,1.00,1.00,1.00,1.00,1.00,1.00,1.00,1.00",,0.0,0.02,,
pmi generative ai questions and answers,,20,"0.00,0.00,1.00,1.00,1.00,1.00,1.00,1.00,1.00,1.00,1.00,1.00",,0.0,0.52,,
question ai answer generator,,20,"1.00,1.00",,0.62,0.51,,
question and answer ai generator,,20,"0.50,0.50,0.50,0.50,0.50,0.50,1.00,0.50,0.50,0.50,0.50,0.75",,0.97,0.56,,
question and answer generator ai,,20,"0.50,1.00,1.00,0.50,0.50,0.50,0.50,0.50,0.50,0.50,0.00,0.50",,0.55,0.82,,
question answer ai generator,,20,"0.00,0.00,1.00,1.00,1.00,1.00,1.00,1.00,1.00,1.00,1.00,1.00",,0.78,0.31,,
question answer generator ai,,20,"1.00,1.00,1.00,1.00,1.00,1.00,1.00,1.00,1.00,1.00,1.00,1.00",,1.36,0.61,,
question to answer ai generator,,20,"0.00,0.20,0.20,1.00,0.40,0.40,0.40,0.40,0.00,0.40,0.40,0.40",,0.0,0.62,,
tcs generative ai e1 assessment answers,,20,"0.00,1.00,1.00,1.00,1.00",,0.0,0.0,,
tq generative ai answers,,20,"0.00,0.00,1.00,1.00,1.00,1.00,1.00,1.00,1.00,1.00,1.00,0.00",,0.0,0.0,,
tq generative ai questions and answers,,20,"0.00,0.00,0.14,1.00,0.14,0.14,0.14,0.14,0.14,0.14,0.00,0.14",,0.0,0.21,,
what is generative ai coursera answers,,20,"1.00,1.00,1.00,1.00,1.00,1.00,1.00,1.00,1.00,1.00,1.00,0.00",,0.0,0.0,,
what is generative ai quiz answers,,20,"0.00,0.00,0.00,1.00,1.00,1.00,1.00,1.00,1.00,1.00,1.00,1.00",,0.0,0.1,,
accenture tq generative ai assessment answers,,10,"0.00,0.00,0.00,0.00,0.00,0.00,1.00,1.00,1.00,1.00,0.00,0.00",,0.0,0.0,,
ai answer generation,,10,"0.00,1.00",,0.0,0.0,,
ai answer generatir,,10,"1.00,0.00,1.00,0.00,1.00,1.00,1.00,1.00",,0.0,0.0,,
ai answer generator akkio,,10,"1.00,1.00,0.00,0.00,0.00,1.00",,0.0,0.0,,
ai answer generator for interview,,10,"0.00,0.00,0.00,1.00,1.00,1.00",,2.28,0.6,,
ai answer generator free & no sign up,,10,"1.00,0.00,1.00,0.00,1.00,1.00",,0.0,0.0,,
ai answer generator from image,,10,"0.00,0.00,1.00,0.00,1.00,1.00",,0.0,0.57,,
ai answer generator from pdf,,10,"0.00,0.00,0.00,1.00,1.00,1.00,1.00,1.00,1.00,1.00,1.00,0.00",,0.0,0.0,,
ai answer generator image,,10,"0.50,0.00,0.00,0.00,1.00,1.00",,1.08,0.44,,
ai answer generator picture free,,10,"0.00,0.00,0.00,0.00,0.00,0.00,0.00,0.00,0.00,1.00,1.00,1.00",,0.0,0.38,,
ai answer generator screenshot,,10,1.00,,0.0,0.0,,
ai answer generator upload image,,10,"0.00,0.00,0.00,0.00,0.00,0.00,0.00,0.00,0.00,0.00,1.00,0.50",,1.23,0.55,,
ai answer generator without login,,10,"0.00,1.00,0.40,0.00,0.00,0.40,0.00,0.40,0.00,0.00,0.40,0.00",,0.0,0.0,,
ai answer key generator,,10,"0.33,0.33,0.66,0.00,0.00,0.00,1.00,0.66",,0.99,0.21,,
ai answer my question generator,,10,"1.00,0.50,0.00,0.00,0.00,0.00",,0.0,0.0,,
ai generate answer,,10,"0.00,0.00,0.00,0.00,0.33,0.33,0.66,0.33,0.33,0.66,1.00,0.66",,1.31,0.42,,
ai generator answer free,,10,"1.00,1.00,0.00,0.00,1.00,0.00,1.00,1.00",,0.0,0.0,,
ai generator answering questions,,10,"0.50,0.50,0.50,1.00,0.50,1.00,1.00,0.50,0.00,0.00,0.50,0.00",,1.24,0.42,,
ai generator for answers,,10,"0.00,0.50,0.00,0.00,0.50,0.00,0.00,1.00,1.00",,1.52,0.66,,
ai generator interview answers,,10,"0.00,0.50,0.00,0.50,1.00,1.00,1.00,1.00",,1.37,0.49,,
ai image answer generator online free,,10,"0.00,0.00,0.00,1.00,1.00,1.00,1.00,1.00,0.00,1.00,1.00,1.00",,0.8,0.48,,
ai image generator answer,,10,"0.50,0.00,0.50,0.00,1.00,1.00,1.00,1.00",,1.19,0.64,,
ai image to answer generator,,10,"0.00,0.00,0.00,1.00,1.00,1.00",,1.73,0.59,,
ai interview answer generator real time,,10,"0.00,0.00,0.00,0.00,0.00,0.00,0.00,0.00,0.28,0.00,1.00,0.42",,1.94,0.59,,
ai interview answer generator real-time,,10,"0.00,0.00,0.00,0.00,0.00,0.00,0.00,0.00,0.00,0.00,0.33,1.00",,1.94,0.59,,
ai interview question answer generator,,10,"0.00,0.25,0.00,0.00,0.00,0.00,0.00,1.00,0.00",,1.89,0.46,,
ai pdf answer generator,,10,"0.00,0.00,0.00,0.00,0.00,0.00,0.00,0.00,0.40,0.40,1.00,0.60",,1.21,0.62,,
ai question and answer generator free,,10,"0.00,0.00,0.00,0.00,1.00,1.00,1.00,1.00,1.00,1.00,1.00,1.00",,0.47,0.9,,
ai science answer generator,,10,"0.50,0.50,0.00,0.00,0.50,1.00,1.00",,1.11,0.41,,
ai that can generate answers to questions,,10,"0.00,0.00,0.00,0.00,0.00,0.00,0.00,0.33,1.00,0.33,0.66,0.66",,2.49,0.64,,
ai worksheet answer generator,,10,1.00,,0.0,0.0,,
answer ai generator free,,10,"1.00,0.25,0.25,0.00,0.00,0.00,0.00,0.00",,0.0,0.0,,
answer ai notes generator,,10,"0.00,0.00,0.00,0.00,0.00,0.00,0.00,0.00,0.00,1.00,1.00,1.00",,1.24,0.52,,
best ai answer generator free,,10,"0.00,0.00,0.00,1.00,1.00,1.00,1.00,1.00,1.00,1.00,0.00,1.00",,1.27,0.38,,
best answer generator ai,,10,"0.00,0.00,0.50,0.00,0.00,1.00,1.00,1.00",,1.44,0.67,,
best free ai question answer generator,,10,"0.00,0.00,0.00,0.00,1.00,1.00,1.00,1.00,1.00,1.00,1.00,1.00",,1.43,0.59,,
bing ai answer generator,,10,"0.00,0.00,0.00,1.00,1.00,1.00,1.00,1.00,0.00,1.00,1.00,1.00",,0.0,0.0,,
career essentials in generative ai by microsoft and linkedin answer,,10,"0.00,1.00,1.00,1.00,1.00,1.00,1.00,1.00,0.00,1.00,0.00,0.00",,0.0,0.0,,
difference between generative ai and predictive ai tcs answers,,10,"0.00,0.00,0.00,0.00,0.00,0.00,0.00,0.00,1.00,1.00,1.00,0.00",,0.0,0.0,,
einstein ai-generated search answers,,10,"0.00,0.00,0.00,0.00,0.00,0.00,0.00,0.00,0.00,1.00,0.22,0.22",,0.0,0.0,,
foundational generative ai answers,,10,"0.00,1.00,1.00,1.00,0.00",,0.0,0.0,,
foundational generative ai questions and answers,,10,"0.00,1.00,0.00,0.00",,0.0,0.0,,
foundational generative ai tcs answers 80302,,10,"0.00,0.00,0.00,0.00,0.00,0.00,0.00,0.00,0.50,1.00,1.00,1.00",,0.0,0.0,,
free ai answer generator without login,,10,"1.00,1.00,0.00,0.00,0.00,0.00,0.00,0.00,0.00",,0.0,0.0,,
free ai answers generator,,10,"0.50,1.00,0.50,0.50,0.00,0.00,0.00,0.50",,0.0,0.0,,
free ai interview questions and answers generator,,10,"0.00,0.00,0.00,0.00,0.00,0.00,0.00,0.00,0.00,1.00,1.00,1.00",,1.44,0.7,,
free answer generator ai,,10,"0.50,1.00,1.00,1.00,0.00,1.00,1.00,0.00,1.00,1.00",,0.0,0.24,,
generate answer ai,,10,"0.00,0.50,0.50,0.00,0.00,1.00,1.00,1.00,0.00,0.50,0.50,0.50",,1.54,0.69,,
generative ai 101 assessment questions and answers,,10,"0.00,0.00,0.00,0.00,1.00,1.00,1.00,1.00",,0.0,0.43,,
generative ai 101 online assessment questions and answers,,10,"0.00,0.00,0.00,0.00,0.00,0.00,0.00,0.00,0.00,1.00,1.00,1.00",,0.0,0.0,,
generative ai accenture tq answers,,10,"0.00,0.00,0.00,0.00,0.00,1.00,1.00,1.00,1.00,1.00,0.00,0.00",,0.0,0.0,,
generative ai answers tcs,,10,"0.50,0.00,0.00,0.00,1.00,0.50,0.00,0.50,0.50,0.50,0.50,0.50",,0.0,0.0,,
generative ai at sap certification answers,,10,"0.00,0.50,0.00,0.00,0.00,0.00,1.00,1.00",,0.0,0.0,,
generative ai by microsoft and linkedin answers,,10,"1.00,1.00,1.00,1.00,1.00,1.00,0.00,0.00,0.00,0.00,0.00,0.00",,0.0,0.0,,
generative ai course answers,,10,"1.00,1.00,0.00,0.00,0.00,0.00,1.00,1.00,0.00,1.00,1.00,0.00",,0.0,0.0,,
generative ai e1 assessment answers tcs,,10,"0.00,1.00,1.00,0.00,0.00,1.00,0.00,1.00,1.00,0.00,1.00,0.00",,0.0,0.0,,
generative ai exam answers,,10,"0.00,0.00,0.00,1.00,1.00,1.00,0.00,1.00,1.00,0.00,1.00,0.00",,0.0,0.0,,
generative ai ievolve answers,,10,"0.00,0.00,0.00,0.00,1.00,0.00,0.00,1.00,1.00,1.00,0.00,0.00",,0.0,0.0,,
generative ai landscape assessment answers,,10,"0.00,1.00,1.00,1.00,1.00,1.00,1.00,1.00,1.00,0.00,0.00,0.00",,0.0,0.0,,
generative ai landscape assessment answers infosys pdf,,10,"0.00,0.00,0.00,1.00,1.00,1.00,1.00,1.00,1.00,0.00,1.00,0.00",,0.0,0.0,,
generative ai mcq questions and answers,,10,"0.00,1.00,0.00,0.00,1.00,0.00,0.00,0.00,1.00,0.00,0.00,0.00",,0.0,0.0,,
generative ai models are statistical models true or false answer,,10,"0.50,0.00,1.00,1.00,1.00",,0.0,0.0,,
generative ai questions and answers pdf,,10,"0.00,0.00,1.00,1.00,1.00,1.00",,0.0,0.17,,
generative ai questions and answers tcs,,10,"0.00,0.00,0.00,0.00,0.00,1.00,1.00,1.00,1.00,1.00,1.00,1.00",,2.51,0.24,,
generative ai refresher e0 answers tcs,,10,"0.00,1.00,1.00,0.00",,0.0,0.0,,
generative ai refresher e0 assessment answers,,10,"0.50,0.00,1.00,1.00,1.00",,0.0,0.06,,
generative ai test answers,,10,"0.00,0.00,0.00,0.00,0.00,0.00,0.00,0.00,0.40,1.00,0.40,0.40",,0.0,0.57,,
generative ai tq answers pdf,,10,"0.00,0.00,0.00,1.00,1.00,1.00,0.00,1.00,1.00,1.00,0.00,1.00",,0.0,0.03,,
generative ai use cases and applications questions and answers,,10,"0.00,0.00,1.00,1.00,0.00,0.00",,0.0,0.0,,
generative ai with responsible usage assessment wipro answers,,10,"1.00,1.00,1.00,1.00,1.00,1.00,1.00,1.00,0.00,0.00,0.00,0.00",,0.0,0.0,,
generative ai with responsible usage questions and answers,,10,"0.00,0.00,1.00,0.00,1.00,0.00,0.00,0.00,1.00,0.00,0.00,0.00",,0.0,0.0,,
google ai generated answers,,10,"0.50,0.00,0.00,1.00,1.00,1.00",,1.53,0.09,,
google turn off ai generated answers,,10,"1.00,0.00",,0.0,0.0,,
how to turn off ai generated answers on google,,10,"0.00,0.00,0.00,0.00,0.00,0.00,0.00,0.00,1.00,1.00,1.00,1.00",,0.0,0.0,,
human ai answer generator,,10,"0.00,0.00,0.00,1.00,1.00,1.00",,1.11,0.57,,
image ai answer generator,,10,"0.50,0.00,1.00,1.00",,1.42,0.55,,
infosys certified professional - generative ai for all answers,,10,"0.00,0.00,1.00,1.00,1.00,1.00,1.00,0.00,0.00,1.00,1.00,1.00",,0.0,0.0,,
interview answer generator ai,,10,"0.00,0.00,0.00,0.00,1.00,1.00,1.00,1.00,1.00,1.00,1.00,1.00",,0.0,0.93,,
interview questions and answers ai generator,,10,"0.00,0.00,1.00,1.00,1.00",,0.0,0.29,,
introduction to generative ai studio quiz answers,,10,"0.00,1.00,1.00,1.00,1.00,1.00,1.00,0.00,0.00,0.00,0.00,0.00",,0.0,0.0,,
linkedin generative ai course answers,,10,"0.00,1.00,1.00,1.00,1.00,1.00,0.00,1.00,0.00,0.00,1.00,0.00",,0.0,0.0,,
linkedin generative ai exam answers,,10,"0.00,0.00,0.00,0.00,0.00,0.00,0.00,0.00,1.00,1.00,1.00,1.00",,0.0,0.04,,
linkedin learning generative ai exam answers,,10,"0.00,0.00,0.00,0.00,0.00,0.00,0.00,0.00,0.00,1.00,1.00,1.00",,0.0,0.02,,
live ai interview answers generator,,10,"0.00,0.00,0.00,0.00,0.00,0.00,0.00,0.00,0.00,1.00,1.00,1.00",,2.57,0.66,,
math ai answer generator,,10,"0.50,1.00,0.00,0.50,0.00,0.00,0.00,0.00",,0.0,0.0,,
nvidia generative ai explained answers,,10,"0.00,0.00,0.00,1.00,1.00,1.00",,0.0,0.0,,
pluralsight generative ai quiz answers,,10,"0.00,0.00,0.00,0.00,0.75,0.00,1.00,0.25,0.50,0.50,0.00,0.00",,0.0,0.0,,
pmi generative ai quiz answers,,10,"0.00,0.00,0.00,0.50,1.00,1.00,1.00,1.00,1.00,0.00,0.00,1.00",,0.0,0.14,,
tq generative ai accenture answers,,10,"0.00,0.00,0.00,0.00,0.00,1.00,1.00,1.00,1.00,0.00,0.00,0.00",,0.0,0.0,,
tq generative ai answers accenture,,10,"0.00,0.00,0.00,1.00,0.00,0.00,0.57,0.28,0.28,0.00,0.00,0.00",,0.0,0.0,,
tq generative ai answers pdf,,10,"0.00,0.00,0.00,0.00,1.00,0.00,0.00,1.00,1.00,0.00,1.00,1.00",,0.0,0.14,,
tq generative ai assessment answers,,10,"0.00,0.00,0.50,0.50,1.00,1.00,1.00,1.00,1.00,1.00,1.00,0.00",,0.0,0.0,,
what is the best ai answer generator,,10,"0.00,0.00,0.00,1.00,1.00,1.00",,2.38,0.58,,
what is the main goal of generative ai tcs answers,,10,"0.00,0.00,0.00,0.00,0.00,0.00,0.00,0.00,1.00,1.00,1.00,1.00",,0.0,0.0,,
wipro generative ai assessment answers,,10,"1.00,1.00,1.00,1.00,1.00,1.00,1.00,0.00,0.00,0.00,0.00,0.00",,0.0,0.0,,
writesonic's free ai question answer generator tool,,10,"0.00,0.00,1.00,1.00,1.00",,0.0,0.14,,
