Keyword,Intent,Volume,Trend,Keyword Difficulty,CPC (USD),Competitive Density,SERP Features
record and transcribe,Commercial,590,"0.55,0.45,0.55,0.30,0.30,0.30,0.45,0.24,0.36,1.00,0.55,0.55",59.0,3.47,0.65,"Reviews, Image pack, Video, Related searches, People also search"
transcribe voice recording ai,Commercial,590,"1.00,0.00,0.00,0.00,0.00,0.00,0.00",50.0,0.0,0.0,"Sitelinks, Reviews, Image pack, Video, Video carousel, People also ask, Related searches"
record and transcribe app,Transactional,480,"1.00,0.81,0.81,1.00,0.66,0.66,0.44,0.66,0.81,0.81,0.66,0.54",57.0,2.79,0.66,"Sitelinks, Reviews, Video, People also ask, Related searches, People also search"
transcribe recorded audio to text,Commercial,390,"0.00,0.00,0.00,0.00,0.00,0.00,0.00,0.00,0.00,1.00,0.00,0.00",49.0,3.6,0.76,"Sitelinks, Reviews, Video, People also ask, Related searches, People also search"
recording transcribe to words divide for patient,Commercial,320,"1.00,0.00,0.00,0.00,0.00,0.00,0.00",17.0,0.0,0.0,"Reviews, Image pack, Video, People also ask, Related searches"
remark 2 recording transcribe to words,Informational,320,"1.00,0.00,0.00,0.00,0.00,0.00,0.00",26.0,0.0,0.0,"Sitelinks, Reviews, Video, People also ask, Related searches"
transcribe a recording,Commercial,320,"0.59,0.72,0.26,0.14,0.17,0.14,0.17,0.09,0.11,1.00,0.09,0.88",50.0,3.68,0.3,"Sitelinks, Reviews, Image pack, Video, People also ask, Related searches"
transcribe from recording,Transactional,320,"0.44,0.54,0.81,0.54,0.29,0.19,0.44,0.19,0.29,0.29,1.00,0.29",47.0,3.58,0.63,"Reviews, Image pack, Video, People also ask, Related searches, People also search, Ads top, Ads bottom"
audio recorder transcriber,Commercial,260,"0.66,0.54,0.54,0.54,0.35,0.43,0.29,0.43,0.54,1.00,0.66,0.66",60.0,3.15,1.0,"Sitelinks, Reviews, Image pack, Video, Related searches, Popular products"
record windows machine audio live transcribe to text,Commercial,260,"1.00,0.00,0.00,0.00,0.00,0.00,0.00,0.00",50.0,0.0,0.0,"Featured snippet, Sitelinks, Reviews, Video, People also ask, Discussions and forums, Related searches"
record windows machine audio live transcribe to text free,Commercial,260,"1.00,0.00,0.00,0.00,0.00,0.00,0.00,0.00",40.0,0.0,0.0,"Sitelinks, Reviews, Video, People also ask, Discussions and forums, Related searches"
recording app that transcribes,Commercial,260,"1.00,0.44,0.54,0.66,0.54,0.54,0.44,0.54,0.44,0.35,0.18,0.28",60.0,2.79,0.66,"Sitelinks, Reviews, Video, People also ask, Discussions and forums, Related searches, People also search, Ads top"
transcribe audio recording,Commercial,260,"0.43,0.43,0.54,0.66,0.54,0.43,0.43,0.43,0.66,1.00,0.54,0.54",50.0,4.0,0.79,"Sitelinks, Reviews, Image pack, Video, People also ask, Related searches, People also search"
transcribe recording,Transactional,260,"0.36,1.00,0.36,0.15,0.66,0.19,0.15,0.09,0.19,0.19,0.44,0.29",48.0,3.68,0.3,"Sitelinks, Reviews, People also ask, Related searches, People also search"
transcribe recording to text,Informational,260,"0.54,0.66,0.66,0.81,0.35,0.54,0.43,0.43,0.54,1.00,0.54,0.43",59.0,4.7,0.79,"Sitelinks, Reviews, Video, People also ask, Related searches, People also search"
transcribe zoom recording,Informational,260,"0.82,0.82,1.00,0.82,0.67,0.67,0.53,0.67,0.67,1.00,0.82,0.67",35.0,4.63,0.3,"Sitelinks, Reviews, Image pack, Video, People also ask, Related searches, People also search, Ads top"
audio recorder and transcriber,Commercial,210,"0.81,0.81,0.65,0.81,0.34,0.43,0.43,0.28,0.43,1.00,0.53,0.81",34.0,3.15,1.0,"Reviews, Image pack, People also ask, Related searches, Popular products"
transcribe voice recording to text free,Commercial,170,"0.23,0.19,0.19,0.19,0.19,0.10,0.10,0.19,0.05,0.36,0.29,1.00",52.0,4.21,0.79,"Sitelinks, Reviews, Video, People also ask, Related searches, People also search"
transcribe zoom recording to text free,Informational,170,"0.53,1.00,0.80,0.80,0.65,0.53,0.53,0.65,0.80,0.80,1.00,0.65",19.0,3.76,0.34,"Sitelinks, Reviews, Video, People also ask, Related searches, People also search"
voice recorder and transcriber,Commercial,170,"0.65,0.53,0.43,0.28,0.65,0.65,0.53,0.43,0.43,0.53,1.00,0.65",40.0,3.15,1.0,"Reviews, Image pack, Video, Related searches, People also search, Popular products"
how to transcribe a recording from audio to text,Informational,140,"0.80,0.66,1.00,0.80,0.80,0.66,0.66,0.66,0.52,0.80,0.52,0.66",52.0,3.34,0.68,"Featured snippet, Sitelinks, Reviews, Video, People also ask, Discussions and forums, Related searches, People also search, Ads bottom"
how to transcribe a zoom recording,Informational,140,"0.65,1.00,1.00,1.00,0.33,0.26,0.26,0.26,0.41,0.65,0.54,0.54",30.0,4.3,0.57,"Sitelinks, AI Overview, Reviews, Video, People also ask, Discussions and forums, Related searches, Ads bottom"
transcribe audio recording to text free,Commercial,140,"0.08,0.10,0.10,1.00,0.00,0.00,0.00,0.66,0.54,0.81,0.00,0.00",53.0,3.49,0.63,"Sitelinks, Reviews, Video, People also ask, Related searches, People also search, Ads top, Ads bottom"
transcribe audio recording to text software,Commercial,140,"1.00,0.53,0.65,0.34,0.53,0.53,0.42,0.53,0.53,0.65,0.53,0.65",60.0,5.08,0.47,"Sitelinks, Reviews, Video, People also ask, Related searches, People also search"
transcribe recordings,Commercial,140,"0.22,0.22,0.15,0.06,0.07,0.15,0.28,0.34,0.18,0.43,0.22,1.00",44.0,3.68,0.3,"Reviews, Video, People also ask, Related searches, Ads top, Ads bottom"
transcribe voice recording,Transactional,140,"0.80,0.66,0.52,0.66,0.52,0.42,0.42,0.66,0.66,1.00,0.80,0.52",58.0,3.2,0.85,"Sitelinks, Reviews, Video, People also ask, Related searches, People also search"
voice recorder transcriber,Commercial,140,"0.17,0.21,0.21,0.17,0.07,0.05,0.09,0.09,0.09,0.21,0.09,1.00",45.0,2.89,1.0,"Reviews, Image pack, Video, People also ask, Related searches, People also search, Popular products"
app to transcribe voice recording,Transactional,110,"0.11,0.08,0.11,0.11,0.15,0.11,0.11,0.11,0.23,1.00,0.23,0.11",51.0,2.22,1.0,"Sitelinks, Reviews, Video, People also ask, Related searches, People also search"
transcribing a voice recording,Transactional,110,"0.81,1.00,1.00,0.81,0.00,0.00,0.00,0.00,0.00,0.00,0.00,0.00",44.0,3.22,0.3,"Sitelinks, Reviews, People also ask, Related searches, Ads bottom"
app that transcribes recordings,Commercial,90,"0.14,1.00,0.80,0.23,0.66,0.33,0.14,0.23,0.04,0.42,0.23,0.00",57.0,2.79,0.66,"Sitelinks, Reviews, Video, Video carousel, People also ask, Related searches, People also search"
can zoom transcribe a recorded meeting,Informational,90,"0.11,0.11,0.11,0.11,0.17,0.23,0.82,0.82,1.00,0.82,1.00,1.00",31.0,4.18,0.22,"Sitelinks, AI Overview, Reviews, Video, People also ask, Related searches, People also search, Ads middle"
how to transcribe a recording,Informational,90,"0.64,1.00,0.81,0.64,0.64,0.45,0.45,0.64,1.00,1.00,0.64,0.81",47.0,2.74,0.85,"Sitelinks, Reviews, Image pack, Video, People also ask, Discussions and forums, Related searches, Ads bottom"
transcribe audio recordings,Commercial,90,"0.02,0.15,0.15,0.15,0.09,0.09,0.09,0.09,0.15,0.15,0.29,1.00",48.0,3.22,0.3,"Sitelinks, Reviews, Video, People also ask, Related searches"
transcribe medical records,Informational,90,"1.00,0.82,0.82,0.82,1.00,0.82,0.82,0.82,1.00,1.00,0.82,0.82",56.0,2.16,0.32,"Featured snippet, Reviews, Video, People also ask, Related searches, Ads middle"
transcribing recorded audio,Informational,90,"0.64,0.41,0.64,0.52,0.64,0.52,0.52,0.64,0.52,0.64,0.82,1.00",43.0,3.2,0.85,"Sitelinks, Reviews, Video, People also ask, Related searches"
app that records and transcribes meetings,Commercial,70,"0.05,0.05,0.05,0.05,0.05,0.05,0.05,0.28,0.35,1.00,0.10,0.05",38.0,2.58,0.84,"Sitelinks, Reviews, Video, People also ask, Related searches, People also search, Ads top, Ads bottom"
audio recorder that transcribes,Commercial,70,"0.05,0.00,0.00,0.29,0.29,0.52,0.64,0.82,1.00,0.64,0.23,0.05",39.0,4.27,0.6,"Reviews, Image, Image pack, Video, People also ask, Discussions and forums, Related searches, People also search, Popular products"
how can i transcribe a recording,Informational,70,"0.77,0.77,0.77,0.55,0.55,0.55,0.55,0.77,1.00,0.77,0.77,0.77",47.0,3.13,0.74,"Sitelinks, Reviews, People also ask, Discussions and forums, Related searches"
how to record and transcribe meeting minutes free,Informational,70,"0.21,0.35,1.00,0.50,0.64,0.35,0.35,0.78,0.50,0.50,0.50,0.35",17.0,2.64,0.69,"Sitelinks, Reviews, Video, People also ask, Discussions and forums, Related searches, People also search, Ads top"
record meetings and transcribe,Commercial,70,"0.18,0.18,0.18,0.18,0.18,0.18,0.18,1.00,1.00,1.00,1.00,1.00",49.0,3.81,0.79,"Sitelinks, Reviews, Video, People also ask, Related searches"
record transcribe app,Commercial,70,"0.21,1.00,1.00,0.64,0.50,0.50,0.21,0.35,0.21,0.35,0.35,0.00",50.0,2.79,0.66,"Sitelinks, AI Overview, Reviews, Video, People also ask, Related searches, People also search"
transcribe a recording free,Transactional,70,"0.82,0.52,0.52,0.52,0.29,0.29,0.29,0.41,0.41,0.64,0.41,1.00",56.0,3.97,0.76,"Sitelinks, Reviews, Video, People also ask, Related searches"
transcribe recording to text free,Commercial,70,"0.81,1.00,0.81,0.81,0.17,0.17,0.17,0.45,0.45,1.00,0.17,0.17",52.0,3.74,0.83,"Sitelinks, Reviews, Video, People also ask, Related searches, People also search, Ads top, Ads bottom"
transcribing medical records from home,Informational,70,"0.03,0.03,0.03,0.03,0.03,0.03,1.00,0.03,0.03,0.03,0.05,0.03",34.0,2.1,0.19,"Featured snippet, Reviews, Video, People also ask, Related searches, Ads bottom, Ads middle"
best voice recorder that transcribes to text,Commercial,50,"1.00,0.14,0.14,0.14,0.14,0.14,0.78,0.78,0.14,0.14,0.14,0.78",33.0,1.05,1.0,"Sitelinks, Reviews, Image pack, Video, People also ask, Discussions and forums, Related searches, People also search, Popular products, Shopping ads"
can you transcribe a zoom meeting after recording,Informational,50,"0.18,0.45,0.63,0.18,0.18,0.45,0.27,0.27,0.18,1.00,1.00,0.18",30.0,4.49,0.49,"Sitelinks, AI Overview, Reviews, People also ask, Discussions and forums, Related searches, People also search"
how to transcribe from a recording,Informational,50,"1.00,0.11,0.11,0.11,0.11,0.11,0.11,0.11,0.11,0.11,0.11,0.11",44.0,4.57,0.82,"Sitelinks, Reviews, Video, People also ask, Discussions and forums, Related searches, People also search, Ads top"
meeting recorder and transcriber,Commercial,50,"0.19,0.15,0.07,0.11,0.11,0.15,0.26,0.19,0.19,0.26,1.00,0.65",35.0,3.61,1.0,"Sitelinks, Reviews, Image pack, People also ask, Related searches"
record and transcribe teams meeting,Informational,50,"0.11,0.11,0.11,0.11,0.11,0.82,0.11,1.00,0.11,0.64,0.11,0.82",40.0,4.48,0.35,"Sitelinks, Video, People also ask, Related searches, People also search, Ads top"
recorder transcriber,Commercial,50,"0.64,0.14,0.14,0.14,0.07,0.00,0.28,1.00,1.00,0.21,0.28,0.14",42.0,1.66,1.0,"Reviews, Image, Image pack, Video, People also ask, Discussions and forums, Related searches, Popular products, Shopping ads, Ads bottom"
transcribe zoom recording free,Informational,50,"0.55,0.79,1.00,1.00,0.55,0.55,0.21,0.55,0.21,0.45,0.21,0.21",19.0,4.6,0.75,"Sitelinks, Reviews, People also ask, Related searches"
voice recorder that transcribes,Commercial,50,"0.63,0.45,0.63,0.63,0.36,1.00,0.63,0.36,0.27,0.09,0.09,0.00",29.0,3.15,1.0,"Reviews, Image, Image pack, Video, People also ask, Discussions and forums, Related searches, People also search, Popular products"
app that records and transcribes,Transactional,40,"0.11,0.00,0.00,1.00,0.52,0.23,0.11,0.17,0.17,0.17,0.23,0.29",54.0,2.79,0.66,"Sitelinks, Reviews, Video, People also ask, Related searches, People also search"
app to record meetings and transcribe,Commercial,40,"0.18,0.18,0.18,0.18,0.18,0.18,0.18,0.18,0.45,1.00,1.00,0.18",39.0,3.38,0.7,"Sitelinks, AI Overview, Reviews, Video, People also ask, Discussions and forums, Related searches, Ads middle"
apps that record and transcribe,Transactional,40,"0.35,0.28,0.21,0.21,1.00,0.28,0.14,0.21,0.00,0.07,0.14,0.50",57.0,2.79,0.66,"Sitelinks, Reviews, Video, People also ask, Related searches, People also search"
free app to record and transcribe meeting minutes,Commercial,40,"0.00,0.81,0.18,0.18,0.18,0.18,0.18,0.18,0.18,1.00,1.00,0.18",18.0,2.38,0.45,"Sitelinks, Reviews, Video, People also ask, Related searches, Ads top, Ads bottom"
how to record and transcribe on iphone,Informational,40,"0.17,0.17,0.17,0.17,0.17,0.17,0.17,0.17,0.17,1.00,1.00,0.17",42.0,1.68,0.57,"Featured snippet, Sitelinks, Reviews, Video, People also ask, Discussions and forums"
record voice and transcribe,Commercial,40,"0.00,0.00,1.00,0.00,0.00,0.00,0.05,0.05,0.05,0.05,0.05,0.05",45.0,1.84,0.76,"Sitelinks, Reviews, Related searches, People also search"
recorder that transcribes,Commercial,40,"0.00,0.00,0.00,0.00,0.00,0.65,0.49,0.00,0.35,0.65,1.00,0.28",39.0,1.97,0.99,"Reviews, Image, Image pack, Video, People also ask, Related searches, People also search, Popular products"
recorder transcriber app,Transactional,40,"1.00,0.43,0.29,0.71,1.00,0.71,0.43,0.00,0.71,0.43,0.57,1.00",50.0,2.79,0.66,"Sitelinks, Reviews, Video carousel, People also ask, Related searches, Ads bottom"
teams transcribe without recording,Informational,40,"0.40,0.60,0.60,0.80,0.80,0.60,0.80,1.00,1.00,1.00,0.60,0.60",28.0,0.0,0.02,"Video, People also ask, Related searches, People also search"
transcribe iphone recording to text,Informational,40,"0.18,0.18,0.18,0.18,0.18,0.18,0.18,0.18,0.18,1.00,1.00,0.18",34.0,1.66,0.02,"Sitelinks, Reviews, Video, People also ask, Discussions and forums, Related searches"
a music transcriber listens to a recorded performance to,Informational,30,"0.22,0.22,0.22,0.22,1.00,0.22,0.22,0.22,0.22,0.22,0.22,0.22",12.0,0.0,0.0,"Reviews, Video, People also ask, Related searches"
app that records voice and transcribes,Transactional,30,"0.18,0.18,0.18,0.18,0.18,0.18,0.18,0.18,0.18,1.00,0.18,0.18",32.0,2.72,0.59,"Sitelinks, Reviews, People also ask, Related searches"
audio record and transcribe app,Transactional,30,"0.18,0.18,0.18,0.18,0.18,0.18,0.18,0.18,0.18,1.00,0.18,0.18",57.0,2.72,0.59,"Sitelinks, Reviews, Video carousel, People also ask, Related searches"
best app for recording and transcribing interviews,Commercial,30,"0.18,0.18,0.18,0.18,0.18,0.18,1.00,1.00,0.18,0.18,0.18,0.18",35.0,4.08,0.71,"Featured snippet, Sitelinks, Reviews, Video, People also ask, Discussions and forums, Related searches, People also search"
dictation recorder and transcriber,Transactional,30,"0.18,1.00,0.18,0.18,0.18,0.18,0.18,0.18,0.18,0.18,0.18,0.18",20.0,1.15,0.99,"Reviews, Image, Image pack, Video, People also ask, Related searches, Popular products, Ads bottom"
how to record and transcribe on google meet,Informational,30,"1.00,0.55,0.22,0.22,0.44,0.22,0.55,0.00,0.22,0.22,0.22,0.22",29.0,3.52,0.22,"Featured snippet, Video, People also ask, Discussions and forums, Related searches, People also search"
how to transcribe a voice recording,Informational,30,"0.18,0.18,0.18,0.18,0.18,0.18,0.18,0.18,0.18,1.00,0.18,0.18",40.0,2.83,0.72,"Sitelinks, AI Overview, Reviews, Video, People also ask, Discussions and forums, Related searches, Ads top, Ads bottom"
how to transcribe audio recording,Informational,30,"0.17,0.17,0.17,0.17,0.17,0.17,0.17,0.17,0.17,1.00,0.17,0.17",45.0,2.92,0.8,"Sitelinks, Reviews, People also ask, Discussions and forums, Related searches"
how to transcribe zoom recordings,Informational,30,"1.00,1.00,0.80,0.59,0.39,0.59,0.39,0.39,0.39,0.39,0.39,0.39",30.0,3.92,0.58,"Sitelinks, AI Overview, Reviews, Video, People also ask, Discussions and forums, Related searches, People also search, Ads bottom"
meeting minutes recorder and transcriber,Commercial,30,"0.17,0.17,0.17,0.17,0.17,0.17,0.27,0.17,0.17,1.00,0.17,0.36",25.0,3.0,1.0,"Sitelinks, AI Overview, Reviews, Image pack, People also ask, Related searches"
recorders that transcribe to a text,Commercial,30,"0.14,0.28,0.28,0.00,0.00,0.00,0.50,0.00,0.00,1.00,0.00,0.00",29.0,4.12,0.75,"Reviews, Video carousel, People also ask, Related searches"
recording and transcribing app,Commercial,30,"0.18,0.18,0.18,0.18,0.18,0.18,0.18,0.18,0.18,1.00,0.18,0.18",52.0,3.12,0.76,"Sitelinks, Reviews, People also ask, Related searches"
transcribe a zoom recording,Informational,30,"0.27,0.44,0.44,0.37,0.17,0.17,0.37,0.17,0.17,0.17,0.17,1.00",27.0,4.75,0.82,"Sitelinks, Reviews, Image pack, People also ask, Related searches"
transcribe an audio recording,Commercial,30,"0.22,0.22,0.22,0.77,0.11,0.00,0.00,1.00,0.44,0.11,0.44,0.22",44.0,4.0,0.79,"Sitelinks, Reviews, Video, People also ask, Related searches, People also search"
transcribe medical records at home,Informational,30,"0.11,0.11,0.11,0.11,0.11,0.11,1.00,0.11,0.11,0.11,0.17,0.11",30.0,0.76,0.14,"Video, People also ask, Related searches"
transcribe teams meeting without recording,Informational,30,"0.59,0.80,1.00,0.39,0.80,0.80,0.80,0.80,1.00,0.39,0.39,0.39",27.0,4.22,0.3,"Sitelinks, Reviews, Video, People also ask, Discussions and forums, Related searches, People also search"
transcriber recorder,"Informational, Commercial",30,"0.13,0.13,0.13,0.13,1.00,0.13,0.13,0.13,0.13,0.13,0.13,0.13",15.0,1.81,1.0,"Reviews, Image, Video, Video carousel, People also ask, Related searches, People also search, Popular products"
transcribing recordings,Commercial,30,"0.00,0.00,0.00,0.09,0.00,0.00,0.18,0.36,1.00,1.00,0.00,0.00",49.0,3.68,0.3,"Sitelinks, Reviews, Image pack, Video carousel, People also ask, Related searches"
voice recorder that transcribes to computer,Commercial,30,"0.18,0.18,0.18,0.18,0.18,0.18,0.18,0.18,1.00,0.18,0.18,0.18",17.0,0.83,1.0,"Sitelinks, Reviews, Image, Image pack, Video, Video carousel, People also ask, Discussions and forums, Popular products"
transcribe youtube video,Transactional,4400,"0.54,0.35,0.35,0.54,0.81,0.35,0.44,0.44,0.81,1.00,0.66,0.54",47.0,1.25,0.25,"Sitelinks, Reviews, Video, Related searches, People also search, Ads top"
youtube transcribe,Transactional,2400,"0.19,0.43,1.00,0.54,0.13,0.24,0.28,0.43,0.54,0.54,0.10,0.36",48.0,1.28,0.02,"Reviews, Video, Related searches"
transcribe a youtube video,Transactional,1600,"1.00,0.79,0.79,0.66,0.36,0.41,0.66,0.41,1.00,1.00,0.79,0.79",55.0,1.25,0.25,"Sitelinks, Reviews, Video, People also ask, Related searches, People also search"
transcribir video de youtube,Informational,1600,"0.00,1.00,0.01,0.29,0.29,0.03,0.01,0.08,0.05,0.29,0.10,0.05",21.0,0.66,0.09,"Reviews, Video, Related searches"
transcribe youtube,Transactional,1300,"0.20,0.05,0.05,0.16,0.05,0.05,0.43,0.22,0.29,1.00,0.54,0.20",48.0,1.28,0.02,"Reviews, Video, Related searches"
transcribe youtube video to text,"Navigational, Transactional",1300,"0.68,0.68,0.68,0.68,0.52,0.52,0.52,0.68,1.00,1.00,0.84,0.84",44.0,1.33,0.27,"Reviews, Video, Related searches, People also search"
youtube transcriber,Transactional,1300,"1.00,0.44,1.00,0.24,0.30,0.20,0.24,0.30,0.65,0.55,0.44,0.34",52.0,1.22,0.07,"Reviews, Video, Related searches"
youtube video transcriber,Transactional,1300,"0.52,0.46,1.00,0.52,0.25,0.20,0.52,0.52,0.84,1.00,0.52,0.84",44.0,1.25,0.25,"Sitelinks, Reviews, Video, Related searches, People also search"
transcribe youtube videos,Transactional,1000,"0.66,0.41,0.54,0.24,1.00,0.30,0.41,0.30,0.36,0.66,0.54,0.36",53.0,1.25,0.25,"Sitelinks, Reviews, Video, Related searches, People also search"
how to transcribe a youtube video,Informational,880,"0.76,0.67,1.00,0.76,0.45,0.45,0.45,0.76,0.76,1.00,0.67,0.76",26.0,1.41,0.45,"Sitelinks, Reviews, Video, People also ask, Discussions and forums, Related searches, Ads top, Ads bottom"
transcribe youtube video easy,Transactional,720,0.00,53.0,0.0,0.0,"Sitelinks, Reviews, Video, People also ask, Discussions and forums, Related searches, People also search"
how to transcribe youtube video,Informational,590,"0.67,1.00,0.54,0.54,0.81,0.67,0.44,0.67,0.81,0.81,1.00,0.44",30.0,1.41,0.45,"Sitelinks, Reviews, Video, People also ask, Related searches"
transcribe for youtube,Transactional,590,"0.00,0.00,0.00,1.00,0.00,0.00,0.00,0.00,0.00,0.00,1.00,0.00",50.0,1.28,0.02,"Sitelinks, Reviews, Video, People also ask, Related searches, People also search"
transcribe google youtube,Transactional,480,"1.00,0.00,0.00,0.00,0.00,0.00",40.0,0.0,0.0,"Reviews, Video, People also ask, Related searches"
transcribe youtube videos to text,Commercial,480,"0.66,1.00,0.54,0.81,0.66,1.00,0.66,0.36,0.54,0.81,0.19,0.19",44.0,1.39,0.27,"Sitelinks, Reviews, Video, People also ask, Discussions and forums, Related searches, People also search"
how do i transcribe a youtube video,Informational,390,"0.55,0.55,0.67,0.10,0.16,0.13,0.10,0.10,0.13,1.00,0.10,0.30",30.0,1.41,0.45,"Sitelinks, Reviews, Video, People also ask, Discussions and forums, Related searches, Ads top"
transcribe from youtube,Commercial,390,"1.00,0.02,0.03,0.02,0.46,0.03,0.20,0.20,0.03,0.37,0.08,0.05",48.0,1.36,0.02,"Reviews, Video, People also ask, Related searches, People also search"
easiest way to caption and transcribe youtube videos,"Informational, Commercial",320,"1.00,0.00,0.00,0.00,0.00,0.00,0.00",33.0,0.0,0.0,"Featured snippet, Sitelinks, Reviews, Video, People also ask, Related searches, Ads bottom"
how can i transcribe a youtube video,Informational,320,"0.72,0.72,1.00,0.02,0.02,0.21,0.04,0.04,0.04,0.05,0.26,0.07",29.0,1.41,0.43,"Sitelinks, Reviews, Video, People also ask, Discussions and forums, Ads top, Ads bottom"
uaot transcribe youtube video,Commercial,320,"1.00,0.00,0.00,0.00,0.00,0.00,0.00",23.0,0.0,0.0,"Sitelinks, Reviews, People also ask, Related searches"
transcribir un video de youtube,Commercial,260,"0.00,0.00,0.01,0.01,0.00,1.00,0.02,0.13,0.04,0.01,0.03,0.05",22.0,0.6,0.16,"Reviews, Image, Video, Related searches"
transcribe on youtube,Transactional,210,"0.00,0.00,0.00,0.00,0.00,0.00,0.00,0.00,0.00,0.00,0.00,1.00",44.0,1.28,0.02,"Sitelinks, Reviews, Video, People also ask, Related searches"
transcribe youtube video free,Transactional,210,"0.65,0.65,0.65,0.81,0.52,0.52,0.52,0.52,0.81,1.00,1.00,0.65",45.0,1.39,0.26,"Sitelinks, Reviews, Video, Related searches, People also search, Ads bottom"
transcribir video de youtube a texto,Commercial,210,"0.01,0.01,0.02,0.02,0.02,0.11,0.02,0.03,0.05,1.00,0.03,0.13",16.0,0.71,0.16,"Reviews, Video, Related searches"
free transcribe youtube video to text,Transactional,170,"0.01,0.02,0.02,0.02,1.00,0.02,0.03,0.04,0.03,0.04,0.03,0.01",44.0,1.46,0.34,"Sitelinks, Reviews, Related searches, People also search"
how to transcribe youtube videos,Commercial,170,"0.29,0.66,0.22,0.29,0.35,0.29,0.10,0.18,1.00,0.14,0.66,0.14",27.0,1.41,0.43,"Sitelinks, Reviews, Video, People also ask, Discussions and forums, Related searches"
transcribe a youtube video free,Transactional,170,"1.00,0.34,0.53,0.65,0.34,0.43,0.53,0.21,0.53,0.81,0.53,0.53",47.0,1.39,0.26,"Sitelinks, Reviews, People also ask, Related searches, People also search"
ai transcribe youtube video,Transactional,140,"0.66,0.66,0.66,0.66,0.66,0.66,0.66,0.66,0.80,1.00,1.00,0.66",34.0,1.54,0.38,"Sitelinks, Reviews, Related searches"
how to transcribe a video on youtube,Informational,140,"0.26,0.39,1.00,0.00,0.00,0.02,0.00,0.00,0.00,0.00,0.00,0.00",30.0,1.41,0.43,"Featured snippet, Sitelinks, Reviews, Video, People also ask, Discussions and forums, Related searches"
transcribe youtube video to text free,Transactional,140,"0.81,0.51,0.81,1.00,0.67,0.42,0.33,0.51,0.67,0.51,0.67,0.51",45.0,1.42,0.24,"Sitelinks, Reviews, Video, Related searches"
youtube transcribe video,Commercial,140,"1.00,0.04,0.00,0.05,0.23,0.54,0.05,0.02,0.00,0.05,0.02,0.04",47.0,1.41,0.22,"Sitelinks, Reviews, Video, People also ask, Related searches, People also search"
youtube transcribing,Commercial,140,"1.00,0.00,0.00,0.00,0.05,0.00,0.00,0.00,0.10,0.06,0.00,0.00",53.0,1.36,0.02,"Reviews, Video, People also ask, Related searches, People also search"
ai that transcribes youtube videos,Transactional,110,"0.82,0.82,1.00,0.82,0.41,0.23,0.29,0.23,0.64,0.82,0.64,1.00",44.0,1.54,0.47,"Sitelinks, Reviews, Video, Related searches, People also search, Ads top, Ads bottom"
ai to transcribe youtube video,Transactional,110,"1.00,0.71,0.57,0.57,0.57,0.57,0.43,0.57,1.00,1.00,0.71,1.00",50.0,1.58,0.54,"Sitelinks, Reviews, Video, People also ask, Related searches, People also search, Ads top, Ads bottom"
transcribe video youtube,Commercial,110,"0.03,0.03,0.00,0.00,0.06,0.53,0.06,0.43,1.00,0.28,1.00,0.53",52.0,1.25,0.25,"Sitelinks, Reviews, Video, People also ask, Related searches"
transcribe youtube videos free,Transactional,110,"0.33,0.66,0.80,1.00,0.33,0.33,0.42,0.52,0.80,0.23,0.33,0.66",45.0,1.26,0.2,"Sitelinks, Reviews, Video, Related searches, People also search"
transcribe youtube video ai,Transactional,90,"0.29,0.41,0.29,0.29,0.41,1.00,0.41,0.64,0.82,1.00,1.00,0.64",47.0,1.48,0.28,"Sitelinks, Reviews, Video, Related searches, Ads top"
transcribing youtube videos,Commercial,90,"1.00,0.65,0.49,0.79,0.49,0.65,0.65,0.79,0.79,0.65,0.65,0.00",45.0,1.44,0.35,"Sitelinks, Reviews, Video, People also ask, Related searches"
how to transcribe youtube video to text,Informational,70,"0.14,0.14,0.35,0.64,0.14,0.14,0.78,0.50,1.00,0.78,0.50,0.14",39.0,1.35,0.39,"Sitelinks, Reviews, Video, People also ask, Discussions and forums, Related searches"
transcribe a youtube video for free,Transactional,70,"0.64,0.79,1.00,0.79,0.64,0.35,0.29,0.35,0.35,0.50,0.35,0.14",46.0,1.57,0.29,"Sitelinks, Reviews, Video, People also ask, Related searches, People also search"
transcribe this youtube video,Transactional,70,"0.21,0.35,0.35,0.64,0.21,0.28,0.28,0.35,0.64,0.78,1.00,0.78",49.0,1.23,0.14,"Sitelinks, Reviews, Video, Related searches, People also search, Ads bottom"
transcribe youtube to text,Transactional,70,"0.14,0.19,0.23,0.23,0.23,0.23,0.19,0.23,0.42,0.80,1.00,0.80",49.0,1.64,0.18,"Reviews, Video, People also ask, Related searches, People also search"
transcribing a youtube video,Commercial,70,"0.15,0.12,0.06,0.21,0.03,0.06,0.21,0.00,1.00,0.65,0.21,0.06",35.0,1.41,0.22,"Sitelinks, Reviews, Video, People also ask, Related searches"
transcribir video youtube a texto online gratis,Transactional,70,"0.05,0.05,0.05,0.05,0.05,1.00,0.05,0.28,0.23,0.05,0.05,0.05",21.0,0.61,0.3,"Reviews, Video, Related searches, People also search"
youtube audio transcribe,Commercial,70,"0.18,0.18,0.81,0.18,0.81,0.81,0.18,0.18,1.00,1.00,1.00,0.45",39.0,1.44,0.22,"Sitelinks, Reviews, Video, People also ask, Related searches"
youtube video transcribe,Commercial,70,"0.10,0.17,0.12,0.10,0.10,0.07,0.12,0.17,0.28,0.66,0.28,1.00",49.0,1.29,0.11,"Reviews, Related searches"
ai transcribe youtube videos,Transactional,50,"0.07,1.00,1.00,0.64,0.50,0.07,0.07,0.14,0.07,0.14,0.78,0.78",30.0,1.54,0.38,"Sitelinks, Reviews, Video, Related searches, People also search"
como transcribir un video de youtube,Informational,50,"0.07,0.07,0.07,0.07,0.07,0.07,0.07,0.42,0.26,0.07,0.34,1.00",26.0,0.72,0.27,"Featured snippet, Reviews, Image pack, Video, Related searches"
free youtube video transcriber,Transactional,50,"0.07,0.11,0.11,0.11,0.15,0.07,0.11,1.00,0.26,0.19,0.11,0.07",46.0,1.06,0.34,"Sitelinks, Reviews, Video, Related searches, People also search"
transcribe youtube video to text ai,Transactional,50,"0.35,0.28,0.28,0.28,0.28,0.21,0.21,0.35,0.50,0.50,1.00,0.35",41.0,1.7,0.44,"Sitelinks, Reviews, Video, Related searches"
transcribir videos de youtube,Informational,50,"0.09,0.09,0.19,0.14,0.09,0.09,0.42,0.09,0.09,0.33,1.00,0.09",15.0,0.65,0.2,"Reviews, Video, Related searches, People also search"
can you transcribe a youtube video,Transactional,40,"0.29,0.43,0.29,0.43,0.57,0.43,0.43,0.43,1.00,0.71,0.57,0.29",23.0,1.23,0.41,"Sitelinks, Reviews, Video, People also ask, Discussions and forums, Ads top, Ads bottom"
free youtube transcriber,Transactional,40,"0.22,0.22,0.22,0.55,0.55,0.33,0.55,1.00,0.55,0.55,0.44,0.44",44.0,1.22,0.1,"Sitelinks, Reviews, Video, Related searches, People also search"
how to transcribe youtube videos to text,Commercial,40,"0.14,0.14,0.14,0.28,0.14,0.14,0.14,0.14,0.35,1.00,0.28,0.14",20.0,1.35,0.39,"Sitelinks, Reviews, Video, People also ask, Discussions and forums, Related searches"
ia para transcribir videos de youtube,Commercial,40,"1.00,0.14,0.50,0.14,0.14,0.14,0.28,0.28,0.14,0.14,0.14,0.14",9.0,1.43,0.68,"Reviews, Image, Image pack, Video, Related searches, Ads top, Ads bottom"
transcribe videos from youtube,Commercial,40,"0.14,1.00,0.14,0.14,0.28,0.14,1.00,0.14,0.00,0.14,0.00,0.14",44.0,1.93,0.6,"Sitelinks, Reviews, Video, People also ask, Related searches, Ads top, Ads bottom"
transcribe youtube video for free,Transactional,40,"0.59,0.59,0.59,0.79,1.00,0.59,0.59,0.38,1.00,1.00,1.00,0.38",43.0,1.47,0.29,"Sitelinks, Reviews, Video, Related searches, People also search"
transcribe youtube video to text free online,Transactional,40,"0.28,0.71,0.57,1.00,1.00,0.71,0.42,0.42,0.42,0.42,0.42,0.28",42.0,1.24,0.11,"Sitelinks, Reviews, Video, Related searches, People also search"
youtube transcribe audio,Commercial,40,"0.18,0.00,0.09,0.18,0.45,0.45,0.18,0.18,0.63,1.00,0.81,0.63",26.0,1.44,0.22,"Sitelinks, Reviews, Video, People also ask, Related searches"
ai that can transcribe youtube videos,Transactional,30,"0.75,1.00,0.75,0.50,0.50,0.50,0.50,0.50,0.50,1.00,0.75,0.50",44.0,1.57,0.48,"Sitelinks, Reviews, Video, People also ask, Related searches, People also search"
ai tool to transcribe youtube video,Transactional,30,"0.50,0.50,0.50,0.50,0.75,0.50,0.50,0.75,1.00,1.00,0.50,0.50",45.0,2.27,0.43,"Sitelinks, Reviews, Video, People also ask, Related searches"
ai youtube transcriber,Transactional,30,"0.57,1.00,0.57,0.28,0.28,0.28,0.28,0.28,0.42,0.57,0.42,0.42",30.0,1.31,0.24,"Sitelinks, Reviews, Video, Related searches, People also search, Ads top"
auto transcribe youtube video,Commercial,30,"1.00,0.80,0.60,0.60,0.40,0.80,0.60,0.80,0.40,0.60,0.60,0.40",41.0,1.61,0.14,"Sitelinks, Reviews, Video, Related searches, Ads top"
can chatgpt transcribe youtube videos,Informational,30,"1.00,0.57,0.57,0.29,1.00,0.29,0.29,0.29,0.29,0.43,0.29,0.29",31.0,0.0,0.01,"Sitelinks, Reviews, Video, People also ask, Discussions and forums, Related searches, People also search"
chatgpt transcribe youtube video,Informational,30,"1.00,0.17,0.17,0.17,0.17,0.17,0.17,0.27,0.17,0.27,0.17,0.17",38.0,1.5,0.21,"Sitelinks, Reviews, People also ask, Related searches"
free transcribe youtube,Transactional,30,"0.00,0.00,0.81,0.18,1.00,0.63,0.18,0.18,0.18,0.18,0.18,0.18",42.0,0.0,0.19,"Sitelinks, Reviews, Video, Related searches, People also search"
how to transcribe from youtube video,Informational,30,"1.00,0.14,0.14,0.14,0.14,0.14,0.14,0.14,0.14,0.14,0.14,0.14",24.0,1.32,0.4,"Sitelinks, Reviews, Video, People also ask, Related searches"
how to transcribe youtube video to text free,Informational,30,"1.00,0.22,0.22,0.22,0.22,0.22,0.22,0.22,0.22,0.22,0.22,0.22",46.0,1.28,0.22,"Sitelinks, Reviews, Video, People also ask, Discussions and forums, Related searches"
transcribe a youtube video ai,Commercial,30,"0.40,0.40,0.40,0.40,0.40,0.40,0.40,0.40,0.80,1.00,0.80,1.00",42.0,1.64,0.58,"Sitelinks, Reviews, Video, Related searches, People also search, Ads top"
transcribe youtube videos ai,Transactional,30,"0.14,0.14,1.00,0.71,1.00,0.28,0.28,0.28,0.42,0.28,0.42,0.28",49.0,1.48,0.28,"Sitelinks, Reviews, People also ask, Related searches, People also search"
transcribir video de youtube a texto gratis,Informational,30,"0.14,0.00,0.14,0.14,0.14,0.14,0.14,0.35,0.14,0.14,1.00,0.14",13.0,1.03,0.32,"Sitelinks, Reviews, Video, Related searches, People also search"
website that transcribes youtube videos,Transactional,30,"0.28,0.28,0.71,0.71,0.57,0.28,0.28,0.28,1.00,0.28,0.71,0.28",40.0,0.98,0.29,"Sitelinks, Reviews, Video, Related searches, People also search"
youtube transcribe ai,Transactional,30,"0.28,0.28,0.28,0.42,0.28,0.42,0.28,0.57,0.28,1.00,0.71,0.42",40.0,1.58,0.23,"Reviews, Video, Related searches"
youtube transcriber free,Transactional,30,"0.28,0.28,0.42,0.42,0.28,0.28,0.42,0.57,0.71,1.00,1.00,1.00",45.0,1.65,0.19,"Sitelinks, Reviews, Video, Related searches"
youtube video transcriber free,Transactional,30,"0.75,0.50,0.50,0.75,0.75,0.50,0.50,0.50,1.00,0.75,1.00,0.50",45.0,1.63,0.31,"Sitelinks, Reviews, Video, Related searches, People also search"
transcribe jobs online,Commercial,1300,"0.85,0.31,0.68,0.85,0.85,0.46,0.46,0.68,1.00,0.52,0.37,0.85",60.0,0.78,0.29,"Sitelinks, Reviews, Video, Related searches, Ads top"
transcribe audio to text free online,Commercial,1000,"0.37,0.46,0.46,0.31,0.37,0.52,0.37,0.52,0.84,0.68,1.00,1.00",45.0,2.83,0.7,"Sitelinks, Reviews, Video, Related searches"
transcribe online video to text,Informational,590,"0.00,1.00,0.00,0.00,0.00,0.00,0.00,0.00,0.00,0.00,0.00,0.00",51.0,3.46,0.67,"Sitelinks, Reviews, Video carousel, People also ask, Related searches, Ads top"
transcribir audio a texto online gratis,Commercial,320,"0.05,0.07,0.07,0.04,1.00,0.20,0.07,0.04,0.08,0.08,0.11,0.11",19.0,2.17,0.62,"Sitelinks, Reviews, Video, Related searches, Ads top"
how to transcribe a song in my key online free,Informational,260,"1.00,0.00,0.00,0.00,0.00,0.00,0.00,0.00",22.0,0.0,0.0,"Sitelinks, AI Overview, Reviews, Video, People also ask, Related searches"
transcribe audio to text free online google,Informational,210,"0.43,0.23,0.43,0.43,0.53,0.53,0.66,0.53,0.82,1.00,0.66,0.66",41.0,1.83,0.57,"Sitelinks, Reviews, Video, People also ask, Related searches"
transcribe online for free,Commercial,210,"0.29,0.43,0.29,0.22,0.43,0.35,0.43,0.66,0.29,0.54,0.43,1.00",53.0,3.42,0.32,"Reviews, Video, Related searches"
online transcribing jobs for beginners,Commercial,170,"0.06,0.28,0.34,0.43,0.81,1.00,0.81,0.81,0.81,0.43,0.34,0.43",58.0,0.61,0.33,"Sitelinks, Reviews, Video, People also ask, Discussions and forums, Related searches"
transcribe video to text free online,Commercial,170,"0.28,0.34,0.34,0.34,0.43,0.43,0.81,0.65,1.00,0.81,0.53,0.34",45.0,2.46,0.61,"Sitelinks, Reviews, Video, Video carousel, Related searches, Ads top"
transcribe audio to text online free,Commercial,140,"0.35,0.14,0.10,1.00,0.18,0.10,0.14,0.14,0.10,0.43,0.81,0.81",45.0,2.69,0.71,"Sitelinks, Reviews, Video, People also ask, Related searches, Ads top"
transcribe audio free online,Commercial,110,"0.53,0.07,0.05,0.10,0.05,0.07,0.28,0.17,0.23,1.00,0.53,0.02",52.0,3.98,0.69,"Sitelinks, Reviews, Video, Video carousel, People also ask, Related searches"
video transcriber online,Commercial,110,"0.42,0.52,0.52,0.33,0.52,1.00,0.42,0.33,0.33,0.52,0.80,0.80",50.0,2.78,0.55,"Sitelinks, Reviews, Video carousel, Related searches"
online transcribing job,Commercial,90,"0.81,1.00,0.52,0.02,0.02,0.02,0.06,0.81,0.02,0.02,0.00,0.00",59.0,0.78,0.29,"Sitelinks, Reviews, Image pack, Video, Related searches"
transcribe music online,Commercial,90,"1.00,1.00,0.82,0.82,1.00,0.82,1.00,0.82,0.82,0.82,0.82,0.82",27.0,1.66,0.22,"Sitelinks, Reviews, People also ask, Related searches"
transcribe video online,Transactional,90,"0.64,0.79,0.50,0.64,0.64,1.00,1.00,0.35,0.64,1.00,0.79,1.00",50.0,2.78,0.55,"Sitelinks, Reviews, Video, Related searches, People also search"
transcribir audio a texto online gratis google,Commercial,90,"0.01,0.00,0.02,0.05,0.01,0.03,0.05,0.02,0.02,1.00,0.02,0.02",22.0,1.1,0.53,"Featured snippet, Reviews, Video, Related searches"
transcribe audio online free,Transactional,70,"1.00,0.07,0.07,0.07,0.07,0.11,0.11,0.11,0.34,0.11,1.00,0.65",53.0,3.42,0.72,"Sitelinks, Reviews, Video, Video carousel, Related searches"
transcribing job online,Commercial,70,"0.01,0.01,0.01,0.01,0.01,0.03,0.03,1.00,0.00,0.01,0.00,0.01",59.0,0.84,0.34,"Sitelinks, Reviews, Video, People also ask, Related searches"
transcribir video youtube a texto online gratis,Transactional,70,"0.05,0.05,0.05,0.05,0.05,1.00,0.05,0.28,0.23,0.05,0.05,0.05",21.0,0.61,0.3,"Reviews, Video, Related searches, People also search"
free online transcriber,Informational,50,"0.11,0.40,0.52,1.00,0.11,0.11,0.29,0.11,0.17,0.29,0.82,0.23",60.0,4.17,0.29,"Sitelinks, Reviews, Video, Video carousel, Related searches, People also search"
transcribe online work,Commercial,50,"1.00,0.00,0.00,0.00,0.00,0.00,0.00,0.00,0.00,0.00,0.03,0.00",57.0,0.78,0.29,"Sitelinks, Reviews, Video, Discussions and forums, Related searches, Ads top"
transcriber job online,Commercial,50,"0.06,0.06,0.04,0.02,0.02,0.02,1.00,0.00,0.00,0.06,0.04,0.06",59.0,0.84,0.34,"Sitelinks, Reviews, Video, People also ask, Related searches"
free online video transcriber,Commercial,40,"0.21,0.21,0.21,0.21,0.33,0.56,1.00,0.79,0.79,0.10,1.00,0.33",44.0,2.76,0.59,"Sitelinks, Reviews, Video, People also ask, Related searches, Ads top, Ads bottom"
online video transcriber,Commercial,40,"0.27,0.27,0.36,0.27,0.36,0.45,0.27,0.64,0.64,1.00,0.00,0.08",60.0,2.78,0.55,"Sitelinks, Reviews, Video, Related searches"
transcribe audio to text free online ai,Transactional,40,"0.22,0.44,0.22,0.22,1.00,0.55,0.22,0.77,0.22,0.22,0.22,0.22",48.0,0.0,0.5,"Sitelinks, Reviews, Video, Related searches"
transcribe audio to text online,Commercial,40,"0.57,0.57,0.71,0.57,0.29,0.29,0.71,0.29,0.29,1.00,0.71,0.43",53.0,3.19,0.73,"Sitelinks, Reviews, Video, People also ask, Related searches"
transcribe video to text online free,Transactional,40,"0.04,0.09,0.04,0.00,0.09,0.04,0.04,0.00,1.00,0.66,0.00,0.00",47.0,2.46,0.61,"Sitelinks, Reviews, Video carousel, People also ask, Related searches, People also search, Ads top, Ads bottom"
transcribe videos online,Transactional,40,"0.05,0.05,0.05,0.05,0.00,0.29,0.00,0.00,0.41,0.00,1.00,0.00",48.0,2.78,0.55,"Sitelinks, Reviews, Video, Related searches"
transcribe youtube video to text free online,Transactional,40,"0.28,0.71,0.57,1.00,1.00,0.71,0.42,0.42,0.42,0.42,0.42,0.28",42.0,1.24,0.11,"Sitelinks, Reviews, Video, Related searches, People also search"
transcribing course online,Informational,40,"1.00,0.29,0.57,0.57,0.57,0.57,1.00,0.71,0.43,0.57,0.71,0.57",31.0,2.35,0.26,"Sitelinks, Image pack, Video, Video carousel, People also ask, Related searches"
free online transcribe audio to text,Commercial,30,"0.27,0.27,0.42,0.27,0.27,0.27,0.42,0.70,0.58,1.00,0.27,0.27",37.0,2.07,0.62,"Sitelinks, Reviews, Video, Video carousel, Related searches, Ads top"
live transcribe online,Commercial,30,"0.40,0.40,0.40,0.60,0.40,0.40,0.40,1.00,0.80,0.60,0.60,0.40",50.0,3.15,0.57,"Reviews, Video, People also ask, Related searches, Ads top"
music transcriber online,Commercial,30,"0.59,1.00,0.17,0.38,0.38,0.00,0.38,0.38,1.00,0.59,0.59,0.79",24.0,1.66,0.22,"Sitelinks, Reviews, Video, People also ask, Related searches, Ads bottom"
online music transcriber,Commercial,30,"0.20,1.00,0.47,0.47,0.73,0.73,1.00,0.73,0.47,1.00,0.73,1.00",24.0,1.66,0.22,"Sitelinks, Reviews, Video, People also ask, Related searches"
online transcribe jobs,Commercial,30,"0.50,0.50,1.00,0.70,0.50,0.70,1.00,0.70,0.50,0.50,0.00,0.00",58.0,0.84,0.34,"Sitelinks, Reviews, Video, People also ask, Related searches, Ads top, Ads bottom"
transcribe a video online free,Transactional,30,"0.81,0.09,0.09,0.00,0.09,0.18,0.09,0.27,0.45,1.00,0.00,0.18",41.0,2.76,0.59,"Sitelinks, Reviews, Video carousel, Related searches"
transcribe video to text online,Commercial,30,"0.60,0.80,0.60,0.60,0.80,0.80,1.00,0.40,0.40,0.40,0.40,0.40",45.0,3.5,0.47,"Sitelinks, Reviews, Video, Related searches, People also search"
transcribir voz a texto online,Commercial,30,"1.00,0.63,0.00,0.18,0.18,0.18,0.00,0.18,0.36,0.18,0.18,0.18",15.0,3.51,0.62,"Sitelinks, Reviews, Video, Related searches, Ads top"
transcribe audio file,Informational,1000,"0.76,1.00,1.00,0.76,1.00,0.45,0.76,0.55,1.00,1.00,0.45,0.67",57.0,4.39,0.74,"Sitelinks, Reviews, Video, People also ask, Related searches, People also search, Ads top, Ads bottom"
samsung transcribe audio file,Informational,720,0.00,39.0,0.0,0.0,"Sitelinks, Reviews, Video, People also ask, Related searches, People also search"
samsung transcribe audio file reddit,"Informational, Transactional",720,0.00,29.0,0.0,0.0,
transcribe an audio file,Commercial,590,"0.45,0.20,0.30,0.30,0.45,0.20,0.55,0.45,1.00,1.00,0.55,0.55",54.0,4.07,0.67,"Sitelinks, Reviews, Video, People also ask, Related searches, People also search"
transcribe audio files,Informational,590,"0.16,0.20,0.67,0.13,0.45,0.55,0.55,1.00,0.16,0.36,0.55,0.24",52.0,4.39,0.74,"Sitelinks, Reviews, Video, People also ask, Related searches, People also search"
samsung note transcribe import file,Informational,480,"1.00,0.00,0.00,0.00,0.00,0.00",27.0,0.0,0.0,"Sitelinks, Reviews, Image pack, Video, People also ask, Related searches"
transcribe a wav file to text for free,Informational,390,"1.00,0.00,0.00,0.00,0.00,0.00,0.00",28.0,0.0,0.0,"Featured snippet, Sitelinks, Reviews, Video, Video carousel, People also ask, Related searches, Ads top, Ads bottom"
how to transcribe an audio file,Informational,320,"0.44,0.44,0.44,0.54,0.44,0.35,0.44,0.44,0.54,0.54,1.00,0.35",39.0,4.04,0.47,"Sitelinks, Reviews, Video, People also ask, Discussions and forums, Related searches, People also search"
is there a way to transcribe a wav file,Commercial,320,"1.00,0.00,0.00,0.00,0.00,0.00,0.00",19.0,0.0,0.0,"Featured snippet, Sitelinks, Reviews, Video, Video carousel, People also ask, Discussions and forums, Related searches, Ads top, Ads bottom"
how can i transcribe an audio file,Informational,260,"0.28,0.28,0.35,0.44,0.23,0.23,0.35,0.28,0.28,1.00,0.81,0.28",40.0,4.04,0.47,"Sitelinks, Reviews, Video, People also ask, Discussions and forums, Related searches, People also search"
transcribe an audio file free,Commercial,260,"0.66,0.82,0.82,0.66,0.53,0.43,0.82,0.82,0.82,1.00,0.66,0.53",48.0,4.28,0.73,"Sitelinks, Reviews, Video, People also ask, Related searches, People also search, Ads top"
transcribe audio file free,Commercial,210,"0.21,0.65,0.65,0.28,0.53,0.43,0.65,1.00,0.81,0.81,0.53,0.21",56.0,3.82,0.59,"Sitelinks, Reviews, Video, People also ask, Related searches, Ads top"
transcribe audio file to text,Commercial,210,"0.80,0.80,1.00,0.80,0.80,0.52,0.21,0.65,0.65,1.00,0.52,0.52",53.0,4.29,0.7,"Sitelinks, Reviews, Video, People also ask, Related searches, People also search"
how do i transcribe an audio file,Informational,170,"0.65,0.42,0.65,0.65,0.65,0.65,0.65,0.65,0.65,1.00,0.80,0.53",40.0,4.04,0.47,"Sitelinks, AI Overview, Reviews, Video, People also ask, Discussions and forums, Related searches, People also search, Ads bottom, Ads middle"
transcribe audio file to text free,Commercial,170,"0.43,0.53,0.65,0.65,0.28,0.43,0.43,0.34,0.53,1.00,0.65,0.53",50.0,3.52,0.73,"Sitelinks, Reviews, Video, People also ask, Related searches"
transcribe from audio file,Commercial,170,"0.35,0.27,0.53,0.82,0.23,0.23,0.17,0.82,0.27,0.82,1.00,0.42",47.0,4.07,0.67,"Sitelinks, Reviews, Video, People also ask, Related searches"
audio file transcribe,Informational,140,"0.00,0.02,0.02,1.00,0.23,0.17,0.17,0.43,0.53,0.66,1.00,0.17",52.0,4.07,0.67,"Sitelinks, Reviews, Video, Related searches, People also search"
how to transcribe audio file,Informational,110,"0.42,0.33,0.42,0.42,0.66,0.42,0.33,1.00,0.42,1.00,0.33,0.42",40.0,3.94,0.68,"Sitelinks, Reviews, Video, People also ask, Discussions and forums, Related searches, Ads top, Ads bottom"
transcribe audio file into text,Commercial,110,"0.80,0.52,1.00,0.33,0.52,0.42,0.52,0.33,0.52,0.42,0.52,1.00",59.0,4.29,0.7,"Sitelinks, Reviews, Video, People also ask, Related searches, People also search, Ads top"
transcribe audio files free,Commercial,90,"0.64,0.64,0.64,0.78,0.78,1.00,0.50,0.64,0.35,0.28,0.07,1.00",55.0,3.82,0.59,"Sitelinks, Reviews, Video, People also ask, Related searches, Ads bottom"
transcribe wav file,"Informational, Transactional",90,"0.64,0.50,0.64,0.50,0.50,0.50,0.64,0.50,1.00,1.00,1.00,0.78",16.0,3.68,0.69,"Sitelinks, Reviews, Video, People also ask, Related searches, People also search"
can google docs transcribe an audio file,Informational,70,"0.36,0.18,0.81,0.63,0.45,0.27,0.18,0.18,1.00,1.00,1.00,0.45",29.0,3.61,0.26,"Featured snippet, Sitelinks, Reviews, Video, People also ask, Discussions and forums, Related searches"
google docs transcribe audio file,Informational,70,"0.13,0.63,0.50,0.50,0.88,0.13,0.38,0.13,1.00,0.50,0.25,0.25",24.0,3.35,0.4,"Featured snippet, Sitelinks, Reviews, Video, People also ask, Related searches, People also search"
how to transcribe audio files,Informational,70,"0.64,0.50,0.64,0.50,0.50,0.79,1.00,0.35,0.79,0.29,0.29,0.29",39.0,4.04,0.47,"Sitelinks, AI Overview, Reviews, Video, People also ask, Related searches, People also search, Ads middle"
transcribe audio files to text,Informational,70,"0.82,0.82,1.00,1.00,0.82,0.62,0.44,0.82,0.62,0.26,0.62,0.44",54.0,4.63,0.67,"Featured snippet, Sitelinks, Reviews, Video, People also ask, Related searches, People also search, Ads bottom, Ads middle"
can chatgpt transcribe audio files,Informational,50,"0.09,0.09,0.09,0.09,0.09,0.09,1.00,1.00,0.52,0.19,0.09,0.09",20.0,3.89,0.15,"Sitelinks, Reviews, Video, People also ask, Related searches, People also search"
transcribe mp3 file,Transactional,50,"0.23,0.19,0.19,0.19,0.09,0.42,0.09,0.09,0.09,1.00,0.09,0.09",44.0,3.05,0.69,"Sitelinks, Reviews, Video, People also ask, Related searches"
transcribing audio files,Commercial,50,"0.80,0.29,0.34,0.20,0.34,0.80,0.29,0.29,0.06,0.06,1.00,0.14",43.0,4.39,0.44,"Sitelinks, Reviews, Image pack, Video carousel, People also ask, Related searches"
audio file transcriber,Commercial,40,"0.27,0.45,0.45,0.64,0.27,0.27,0.00,0.00,0.45,0.64,1.00,1.00",55.0,4.07,0.67,"Sitelinks, Reviews, Video, People also ask, Related searches, People also search, Ads top, Ads bottom"
can chat gpt transcribe audio files,Informational,40,"0.14,0.14,0.14,1.00,0.14,1.00,0.21,0.14,0.14,0.14,0.14,0.14",26.0,0.0,0.07,"Sitelinks, Reviews, Video, People also ask, Related searches, People also search"
transcribe an audio file to text free,"Informational, Commercial",40,"0.00,0.11,0.22,0.44,1.00,0.33,0.77,0.22,0.33,0.44,1.00,1.00",51.0,3.34,0.72,"Sitelinks, Reviews, Video, People also ask, Related searches, People also search, Ads top, Ads bottom"
how can i transcribe an audio file for free,Informational,30,"1.00,1.00,0.80,0.80,0.80,0.39,0.80,0.39,0.39,0.39,0.39,0.80",47.0,4.24,0.84,"Featured snippet, Sitelinks, Reviews, Video, People also ask, Related searches, People also search"
how to transcribe an audio file in google docs,Informational,30,"0.22,0.22,0.22,0.22,0.22,0.22,0.22,0.22,0.55,1.00,0.77,0.44",19.0,2.7,0.48,"Featured snippet, Reviews, Video, People also ask, Discussions and forums, Related searches, Ads bottom"
transcribe amr file,Commercial,30,"0.09,0.00,0.18,0.18,0.18,0.18,1.00,0.18",4.0,2.91,0.1,"Reviews, Image pack, Video, People also ask, Related searches"
transcribe audio files to text free,Commercial,30,"0.14,0.14,0.29,0.43,0.00,0.43,0.43,1.00,0.71,0.71,0.57,0.43",50.0,3.52,0.73,"Sitelinks, Reviews, Video, People also ask, Related searches"
transcribe wav file to text free,Transactional,30,"0.29,0.29,0.29,0.29,0.29,1.00,0.57,0.29,0.29,0.29,0.71,0.29",18.0,3.1,0.72,"Sitelinks, Reviews, Video, People also ask, Related searches"
ai note taker,Commercial,9900,"0.29,0.29,0.29,0.29,0.36,0.24,0.24,0.54,1.00,1.00,0.81,0.44",54.0,3.26,0.75,"Sitelinks, Reviews, Image pack, Video, People also ask, Related searches, Ads top, Ads bottom"
fathom ai note taker,Navigational,2400,"0.10,0.19,0.15,0.15,0.24,0.24,0.28,0.66,0.54,1.00,0.54,0.36",43.0,3.81,0.46,"Sitelinks, Reviews, Video, People also ask, Related searches"
note taker ai,Commercial,1000,"0.54,0.24,0.16,0.30,0.30,0.08,0.16,0.36,0.66,1.00,0.66,0.36",54.0,3.04,0.75,"Sitelinks, Reviews, Video, People also ask, Related searches, Ads top, Ads bottom"
ai note taker free,Commercial,720,"0.20,0.24,0.24,0.24,0.30,0.24,0.24,0.55,1.00,1.00,0.62,0.36",50.0,2.37,0.74,"Sitelinks, Reviews, Video, People also ask, Related searches, Ads top, Ads bottom, Ads middle"
ai notes taker,Commercial,720,"0.10,1.00,0.03,0.24,0.10,0.05,0.07,0.13,0.54,0.54,0.20,0.24",52.0,3.26,0.75,"Reviews, Image pack, Video, People also ask, Related searches"
free ai note taker,Commercial,720,"0.30,0.30,0.30,0.30,0.30,0.30,0.45,0.67,1.00,1.00,0.55,0.67",50.0,2.74,0.68,"Sitelinks, Reviews, Video, People also ask, Related searches"
fireflies ai note taker,Navigational,590,"1.00,0.24,0.04,0.06,0.24,0.13,0.30,0.45,0.45,0.62,0.62,0.30",53.0,3.13,0.5,"Sitelinks, Reviews, Video, People also ask, Related searches, People also search"
ai lecture note taker,Commercial,390,"0.36,0.30,0.16,0.13,0.08,0.13,0.10,0.30,0.76,1.00,0.45,0.20",28.0,2.87,0.6,"Sitelinks, Reviews, Video, People also ask, Related searches, People also search, Ads top, Ads bottom"
wave ai note taker,Navigational,390,"0.02,0.02,0.09,0.09,0.09,0.39,0.88,1.00,0.72,0.88,0.48,0.32",28.0,3.35,0.32,"Sitelinks, Reviews, Image pack, Video, People also ask, Twitter, Related searches"
youtube video notes taker ai,"Informational, Transactional",390,"1.00,0.00,0.00,0.00,0.00,0.00,0.00,0.00",15.0,0.0,0.0,"Sitelinks, Reviews, Video, People also ask, Related searches"
ai note taker for zoom,Informational,320,"0.66,0.82,0.66,0.66,0.66,0.53,0.82,1.00,1.00,1.00,0.82,0.82",58.0,3.06,0.73,"Sitelinks, Reviews, Image pack, Video, People also ask, Related searches, Ads top, Ads bottom"
ai video note taker,Informational,320,"0.36,0.44,0.36,0.23,0.36,0.19,0.15,0.36,0.81,1.00,1.00,0.66",32.0,1.78,0.67,"Sitelinks, Reviews, Image pack, Video, Related searches"
fireflies.ai note taker in microsoft teams,Informational,320,"1.00,0.00,0.00,0.00,0.00,0.00,0.00",22.0,0.0,0.0,"Sitelinks, Reviews, Video, People also ask, Related searches"
ai note taker from audio,Transactional,260,"0.01,0.01,0.01,0.04,0.05,0.04,0.05,0.08,0.13,0.20,1.00,0.16",61.0,4.12,0.26,"Sitelinks, Reviews, Video, People also ask, Related searches"
ai that takes notes for you,Commercial,260,"1.00,0.66,0.43,0.35,0.22,0.18,0.14,0.43,0.81,0.81,0.43,0.35",48.0,2.73,0.75,"Sitelinks, Reviews, Image pack, Video, People also ask, Related searches, Ads top, Ads bottom"
best ai note taker,Commercial,260,"0.07,0.07,0.11,0.09,0.14,0.17,0.32,0.32,1.00,0.14,0.48,0.32",53.0,4.28,0.67,"Sitelinks, Reviews, Video, People also ask, Discussions and forums, Related searches, People also search, Ads bottom"
microsoft teams ai note taker,"Informational, Transactional",260,"0.54,0.35,0.28,0.35,0.67,0.35,0.43,1.00,0.54,0.81,0.67,0.43",42.0,2.38,0.46,"Reviews, Video, People also ask, Related searches, People also search, Ads top"
teams ai note taker,"Informational, Transactional",260,"0.43,0.43,0.43,0.54,0.54,0.43,0.54,0.66,0.81,0.81,0.81,1.00",39.0,2.98,0.44,"Sitelinks, Reviews, Image pack, People also ask, Related searches, People also search"
ai note taker for teams,Commercial,210,"0.54,0.06,0.11,0.11,0.11,0.06,0.54,0.66,0.11,0.66,1.00,0.66",40.0,4.33,0.48,"Sitelinks, Reviews, Video, People also ask, Related searches, Ads top, Ads bottom"
ai voice recorder note taker,"Informational, Transactional",210,"0.00,0.00,0.00,0.00,0.00,0.00,0.01,0.10,0.08,1.00,0.55,0.10",55.0,2.83,0.59,"Sitelinks, Reviews, Image pack, Video, People also ask, Related searches"
ai note taker from video,Commercial,170,"0.23,0.18,0.15,0.15,0.15,0.08,0.11,0.18,0.35,1.00,0.35,0.44",44.0,1.94,0.64,"Sitelinks, Reviews, Video, People also ask, Ads bottom"
ai recorder note taker,Commercial,170,"0.00,0.00,0.18,0.18,0.18,0.35,0.54,0.66,0.54,1.00,0.43,0.54",64.0,3.7,1.0,"Sitelinks, AI Overview, Reviews, Video, People also ask"
ai zoom note taker,"Informational, Transactional",170,"0.65,0.53,0.53,0.65,0.65,0.53,0.65,0.65,1.00,1.00,0.80,0.65",65.0,3.23,0.66,"Sitelinks, Reviews, Image pack, Video, People also ask, Related searches, People also search, Ads top, Ads bottom"
zoom ai note taker,"Informational, Transactional",170,"0.66,0.66,0.66,0.66,0.66,0.81,0.81,1.00,1.00,1.00,0.81,1.00",55.0,3.09,0.64,"Sitelinks, Reviews, Image pack, Video, People also ask, Related searches, People also search"
ai note taker from text,Commercial,140,"1.00,0.53,0.34,0.53,0.15,0.15,0.12,0.21,0.65,0.34,0.28,0.15",38.0,2.4,0.61,"Reviews, Image pack, Video, Related searches, Ads top"
ai note taker zoom,Informational,140,"0.21,0.34,0.28,0.34,0.34,0.43,0.43,0.53,0.53,1.00,0.53,0.65",71.0,2.43,0.59,"Sitelinks, Reviews, Image pack, People also ask, Related searches, Ads top"
ai that listens and takes notes,Commercial,140,"0.53,0.28,0.23,0.23,0.05,0.12,0.05,0.23,0.53,1.00,0.82,0.35",48.0,4.93,0.54,"Sitelinks, Reviews, Image pack, People also ask, Related searches, People also search"
ai that takes notes on videos,"Informational, Transactional",140,"0.53,0.42,0.07,0.80,0.34,0.26,0.07,0.26,1.00,0.80,0.65,0.53",25.0,1.53,0.65,"Sitelinks, Reviews, Video, People also ask, Related searches"
ai that watches videos and takes notes,Informational,140,"0.80,1.00,0.65,0.65,0.80,0.26,0.07,0.35,0.80,0.42,0.53,0.53",30.0,1.56,0.63,"Sitelinks, Reviews, Video, People also ask, Discussions and forums, Related searches, Ads top, Ads bottom"
tactiq ai note taker,"Navigational, Transactional",140,"0.07,0.05,0.05,0.23,0.53,0.43,1.00,0.43,0.28,0.53,0.12,0.10",19.0,3.68,0.43,"Sitelinks, Reviews, Video, People also ask, Related searches"
fireflies.ai note taker,Navigational,110,"0.00,0.43,1.00,0.30,0.00,0.00,0.00,0.00,0.00,0.00,0.00,0.54",51.0,3.2,0.42,"Sitelinks, Reviews, Video, People also ask, Related searches, People also search"
video note taker ai,Commercial,110,"0.66,0.66,0.66,0.33,0.33,0.23,0.19,0.52,1.00,1.00,0.80,0.52",31.0,2.11,0.51,"Sitelinks, Reviews, Image pack, Video, Related searches, Ads top, Ads bottom"
ai listen and take notes,Commercial,90,"0.82,0.64,0.52,0.52,0.52,0.11,0.11,0.11,0.11,1.00,1.00,1.00",47.0,4.49,0.68,"Sitelinks, Reviews, People also ask, Related searches"
ai note taker app,Commercial,90,"0.00,0.03,1.00,0.03,0.21,0.15,0.34,0.12,0.21,0.15,1.00,0.15",50.0,2.51,0.59,"Sitelinks, AI Overview, Reviews, Video, People also ask, Carousel, Related searches, Ads middle"
ai notes taker for teams,Commercial,90,"0.00,1.00,1.00,0.80,1.00,0.66,0.00,0.00,0.80,0.00,0.00,0.00",50.0,4.33,0.48,"Sitelinks, Reviews, People also ask, Related searches, People also search"
best ai note taker for teams,Commercial,90,"0.03,0.03,0.03,0.03,0.03,0.03,0.03,0.03,0.18,1.00,0.11,0.06",43.0,5.72,0.58,"Sitelinks, Reviews, Image pack, Video, People also ask, Discussions and forums, Related searches, People also search"
krisp ai note taker,Navigational,90,"0.00,0.07,0.07,0.07,0.07,0.11,0.11,0.53,0.80,1.00,1.00,1.00",23.0,5.08,0.23,"Sitelinks, Reviews, Image pack, Video, People also ask, Related searches, People also search"
ms teams ai note taker,"Informational, Transactional",90,"0.64,1.00,0.64,0.64,0.64,0.35,0.50,0.78,0.64,0.78,0.64,0.64",26.0,2.4,0.51,"Sitelinks, Reviews, People also ask, Related searches, People also search"
note taker ai free,Commercial,90,"0.12,0.12,0.10,0.07,0.10,0.12,0.10,0.00,0.43,0.53,1.00,0.17",52.0,2.44,0.71,"Sitelinks, Reviews, Video, People also ask, Related searches"
notes taker ai,Commercial,90,"0.02,0.53,0.00,0.00,0.28,0.02,0.00,0.00,1.00,0.10,0.53,0.00",50.0,3.01,0.64,"Sitelinks, Reviews, Video, People also ask, Related searches, Things to know, Ads top, Ads bottom"
pdf note taker ai,"Informational, Commercial",90,"0.34,0.26,0.19,0.19,0.26,0.15,0.11,0.34,1.00,0.65,0.65,0.53",31.0,1.36,0.63,"Sitelinks, Reviews, Video, Related searches, People also search"
wave ai note taker review,Commercial,90,"0.00,0.00,1.00,0.64,0.64,0.64,1.00,0.11",17.0,3.65,0.12,"Sitelinks, Reviews, Video, People also ask, Related searches"
youtube ai note taker,Commercial,90,"0.09,0.09,0.09,0.09,0.09,0.09,0.23,0.52,1.00,0.80,0.80,0.80",15.0,1.51,0.37,"Reviews, Video, People also ask, Related searches"
ai note taker device,Commercial,70,"0.00,0.11,0.05,0.05,0.64,0.11,1.00,0.11,0.64,0.82,0.64,0.52",58.0,1.65,1.0,"Sitelinks, Reviews, Image pack, People also ask, Popular products"
ai note taker for students,Commercial,70,"0.81,1.00,0.18,0.27,0.36,0.18,0.18,1.00,1.00,1.00,1.00,0.18",37.0,3.08,0.7,"Sitelinks, Reviews, Video, People also ask, Related searches"
ai note taker from pdf,Commercial,70,"0.41,0.29,0.29,0.29,0.11,0.11,0.11,0.41,1.00,0.64,0.41,0.29",12.0,2.22,0.76,"Sitelinks, Reviews, Image pack, Video, People also ask, Related searches"
ai note taker teams,Informational,70,"0.17,0.41,0.52,0.52,0.11,0.11,0.11,0.82,1.00,0.64,0.41,0.52",29.0,3.45,0.57,"Sitelinks, AI Overview, Reviews, Video, People also ask, Related searches, People also search, Ads bottom, Ads middle"
ai pdf note taker,"Informational, Commercial",70,"0.29,0.29,0.29,0.29,0.23,0.17,0.11,0.23,1.00,0.64,0.64,0.41",30.0,1.8,0.63,"Sitelinks, Reviews, Video, Related searches"
ai take notes,Commercial,70,"0.34,0.11,0.34,0.07,0.03,0.00,0.00,0.07,0.07,1.00,0.53,0.19",49.0,3.06,0.74,"Sitelinks, Reviews, Video, People also ask, Related searches, Ads bottom"
ai that listens to lectures and takes notes,Transactional,70,"0.34,0.65,0.07,0.07,0.07,0.07,0.07,0.07,0.65,1.00,0.42,0.15",24.0,3.69,0.64,"Sitelinks, Reviews, Image pack, Video, People also ask, Discussions and forums, Related searches, People also search"
ai that takes notes from video,Commercial,70,"0.09,0.09,0.09,0.00,0.04,0.00,0.09,0.52,0.52,0.80,1.00,0.09",26.0,1.84,0.67,"Sitelinks, Reviews, Video, People also ask, Related searches, Ads top, Ads bottom"
ai to take notes,Commercial,70,"0.28,0.09,0.06,0.06,0.06,0.06,0.06,0.06,0.34,1.00,0.06,0.06",48.0,3.52,0.74,"Sitelinks, Reviews, Image pack, People also ask, Related searches"
best note taker ai,Commercial,70,"1.00,0.21,0.03,0.28,0.06,0.03,0.00,0.34,0.28,0.00,0.00,0.21",47.0,3.72,0.57,"Sitelinks, Reviews, Image pack, Video, People also ask, Discussions and forums, Related searches, People also search"
does teams have an ai note taker,Informational,70,"0.11,0.11,0.11,0.11,0.11,0.11,0.11,0.64,0.64,0.64,0.64,1.00",40.0,2.85,0.34,"Sitelinks, Reviews, Video, People also ask, Discussions and forums, Related searches, People also search, Ads top"
free ai note taker for teams,Commercial,70,"0.07,0.07,0.07,0.11,0.07,0.07,0.42,0.15,0.42,1.00,0.34,0.26",32.0,4.89,0.83,"Featured snippet, Reviews, Image pack, Video, People also ask, Related searches, People also search, Ads top, Ads bottom"
google ai note taker,Informational,70,"0.11,0.11,0.11,0.11,0.11,0.11,0.11,0.64,1.00,1.00,0.64,0.64",65.0,3.16,0.46,"Sitelinks, Reviews, People also ask, Related searches, People also search, Ads top"
jamie ai note taker,Navigational,70,"0.00,0.00,0.00,0.00,0.00,0.00,0.00,0.06,0.34,1.00,0.53,0.65",14.0,4.4,0.28,"Sitelinks, Reviews, Video, People also ask, Related searches, People also search"
microsoft ai note taker,"Informational, Transactional",70,"0.18,0.18,0.18,0.18,0.18,0.18,0.18,1.00,1.00,1.00,1.00,1.00",42.0,2.49,0.42,"Reviews, Image pack, Video, People also ask, Related searches, People also search, Ads top"
take notes ai,Commercial,70,"0.17,0.64,0.11,0.52,0.52,0.11,0.11,0.64,0.52,1.00,0.82,0.82",50.0,2.95,0.58,"Sitelinks, Reviews, Video, People also ask"
take notes for me ai,Commercial,70,"0.35,0.50,0.35,1.00,0.64,0.64,0.14,0.14,0.78,0.64,0.50,0.64",45.0,2.81,0.61,"Sitelinks, Reviews, Image pack, Video, People also ask, Related searches, Ads top, Ads bottom"
ai audio note taker,Commercial,50,"0.09,0.09,0.09,0.09,0.09,0.09,0.09,0.09,0.52,0.80,1.00,0.09",50.0,3.72,0.66,"Sitelinks, Reviews, Image pack, Video, People also ask, Related searches, Ads top, Ads bottom"
ai class note taker,Commercial,50,"0.23,0.23,0.09,0.09,0.09,0.09,0.09,0.09,0.80,1.00,0.09,0.09",40.0,2.74,0.68,"Sitelinks, Reviews, Image pack, Video, People also ask, Related searches, People also search, Ads top, Ads bottom"
ai note taker apps,Commercial,50,"0.00,0.00,0.07,0.00,0.00,1.00,0.00",54.0,2.51,0.59,"Sitelinks, Reviews, Video, People also ask, Carousel, Ads top, Ads bottom"
ai note taker for videos,"Informational, Commercial",50,"0.11,0.23,0.11,0.11,0.11,0.11,0.11,0.11,1.00,0.64,0.11,0.64",32.0,2.73,0.65,"Sitelinks, Reviews, Video, People also ask, Ads top"
ai textbook note taker,Informational,50,"0.23,0.11,0.11,0.17,0.11,0.11,0.11,0.17,0.64,0.64,0.11,1.00",35.0,1.86,0.63,"Sitelinks, Reviews, Image pack, Video, People also ask, Related searches, People also search, Ads top, Ads bottom"
ai voice note taker,Commercial,50,"0.11,0.11,0.11,0.05,0.11,0.11,0.11,0.11,1.00,1.00,0.64,0.11",61.0,3.89,0.67,"Sitelinks, Reviews, Image pack, Video, People also ask, Ads top, Ads bottom"
firefiles.ai note taker,"Informational, Transactional",50,"0.00,0.00,0.00,0.00,0.00,1.00,0.00,0.00,0.00,0.00,0.00,0.00",51.0,3.13,0.5,"Sitelinks, Reviews, Video, People also ask, Related searches, People also search"
free ai notes taker,Commercial,50,"0.00,0.00,0.04,0.00,0.00,0.00,0.00,0.00,0.06,1.00,0.00,0.02",50.0,2.74,0.68,"Sitelinks, Reviews, Image pack, Video, People also ask, Related searches"
in person ai note taker,Commercial,50,"0.00,0.00,0.00,0.02,0.05,0.05,0.05,0.05,0.05,0.28,1.00,0.07",,4.22,0.23,"Sitelinks, Reviews, Image pack, Video, People also ask, Related searches, People also search, Ads top"
lecture ai note taker,Informational,50,"0.00,0.00,0.11,0.11,0.11,0.11,0.11,0.11,1.00,1.00,0.64,0.64",26.0,3.12,0.63,"Sitelinks, Reviews, Image pack, Video, People also ask, Related searches, People also search"
note take ai,,50,"0.07,0.11,0.07,0.00,0.00,0.00,0.00,0.65,0.15,0.00,0.00,1.00",,2.67,0.74,
notes taker ai free,Commercial,50,"0.14,0.50,0.14,0.14,0.14,0.64,1.00,0.14,0.50,0.21,0.14,0.78",48.0,2.57,0.72,"Sitelinks, Reviews, Video, Related searches"
otter ai note taker,Navigational,50,"0.00,0.09,0.09,0.09,0.09,0.09,0.09,0.04,0.52,1.00,0.33,0.42",68.0,3.31,0.49,"Sitelinks, Reviews, Image pack, Video, People also ask, Related searches"
teams note taker ai,Commercial,50,"0.64,1.00,0.79,0.64,0.13,0.13,0.13,0.79,0.13,0.13,0.13,0.13",33.0,3.03,0.63,"Sitelinks, Reviews, Image pack, Video, People also ask, Related searches, People also search, Ads top, Ads bottom"
video ai note taker,Informational,50,"0.09,0.09,0.09,0.09,0.09,0.09,0.09,0.09,0.52,0.80,1.00,0.52",40.0,2.19,0.58,"Sitelinks, Reviews, Video, Related searches"
video note taker ai free,Commercial,50,"0.81,1.00,0.81,0.81,0.63,0.18,0.18,0.18,1.00,0.27,0.18,0.18",37.0,1.76,0.65,"Sitelinks, Reviews, Related searches"
ai lecture note taker free,Commercial,40,"0.11,0.11,0.11,0.11,0.11,0.11,0.11,0.11,1.00,0.64,0.11,0.11",43.0,3.19,0.64,"Sitelinks, Reviews, Video, People also ask, Related searches"
ai listen to lecture and take notes,Commercial,40,"0.00,0.18,0.63,0.18,1.00,0.18,0.18,0.18,1.00,1.00,0.18,0.18",33.0,3.3,0.68,"Sitelinks, Reviews, Image pack, Video, People also ask, Related searches, People also search, Ads top, Ads bottom"
ai note take for teams,Commercial,40,"0.57,1.00,1.00,0.57,0.57,0.57,0.57,0.57,0.57,0.57,0.29,0.29",40.0,5.48,0.76,"Sitelinks, Reviews, Image pack, Video, People also ask, Related searches, People also search"
ai note taker by fathom,Navigational,40,"1.00,0.58,0.79,1.00,1.00,1.00,1.00,0.79,0.37,0.37,0.37,0.37",29.0,4.54,0.38,"Sitelinks, Reviews, Video, People also ask, Related searches"
ai phone call note taker,Commercial,40,"0.11,0.11,0.11,0.11,0.11,0.11,0.11,0.11,0.11,0.64,1.00,0.11",53.0,3.72,0.42,"Sitelinks, AI Overview, Reviews, Image pack, Video, People also ask, Related searches, Ads middle"
ai take notes for me,Commercial,40,"0.17,0.11,0.11,0.11,0.11,0.11,0.11,0.11,0.11,1.00,1.00,0.64",39.0,3.61,0.6,"Sitelinks, Reviews, Image pack, People also ask, Related searches"
ai take notes from video,Informational,40,"0.00,1.00,0.07,0.07,0.00,0.00,0.00,0.14,0.78,0.78,0.21,0.00",15.0,1.87,0.44,"Sitelinks, Reviews, Video, People also ask, Related searches"
ai takes notes,Commercial,40,"0.18,1.00,0.09,0.63,0.00,0.36,0.45,0.81,1.00,0.09,0.00,0.00",50.0,3.06,0.74,"Sitelinks, Reviews, Video carousel, People also ask, Related searches, People also search, Things to know"
ai takes notes from video,"Informational, Transactional",40,"1.00,0.00,0.11,1.00,0.22,0.22,0.22,0.00,0.11,0.77,0.55,0.55",32.0,1.67,0.76,"Sitelinks, Reviews, Video, People also ask, Related searches"
ai youtube note taker,Transactional,40,"0.09,0.09,0.09,0.09,0.09,0.09,0.09,0.19,1.00,0.52,0.09,0.09",13.0,1.43,0.42,"Sitelinks, Reviews, Video, People also ask, Related searches"
does zoom have an ai note taker,Informational,40,"0.28,1.00,0.57,0.57,0.57,0.57,0.71,1.00,0.28,0.71,0.57,0.57",28.0,3.11,0.5,"Featured snippet, Reviews, Video, People also ask, Discussions and forums, Related searches, People also search, Ads top"
free ai note taker for zoom,Transactional,40,"1.00,1.00,0.80,0.60,1.00,1.00,0.80,0.60,0.60,1.00,0.80,1.00",45.0,3.96,0.71,"Sitelinks, Reviews, Video, People also ask, Related searches"
listen to lecture and take notes ai,Commercial,40,"0.00,0.00,0.00,0.18,1.00,1.00,0.18,0.18",33.0,2.34,0.58,"Sitelinks, Reviews, Video, People also ask, Related searches, People also search"
microsoft teams note taker ai,Transactional,40,"1.00,0.78,0.14,0.14,0.14,0.14,0.14,0.14,0.14,0.14,0.14,0.14",26.0,2.7,0.35,"Reviews, People also ask, Related searches, People also search"
supernormal ai note taker,Navigational,40,"0.64,0.11,0.11,0.23,0.11,0.11,0.11,0.11,1.00,0.11,0.11,0.11",38.0,6.18,0.35,"Sitelinks, Reviews, Image pack, Video, People also ask, Related searches, People also search"
take notes on video ai,"Informational, Commercial",40,"0.35,0.14,1.00,0.14,0.14,0.14,1.00,0.14,0.14,0.14,0.14,0.14",23.0,1.74,0.6,"Sitelinks, Reviews, Image pack, Video, People also ask, Related searches, Ads top, Ads bottom"
take notes on youtube video ai,"Informational, Transactional",40,"0.00,0.00,0.00,0.00,0.07,1.00,0.07,0.07",16.0,1.39,0.31,"Sitelinks, Reviews, Video, People also ask, Discussions and forums, Related searches"
youtube video note taker ai,Commercial,40,"0.14,0.78,0.64,1.00,0.14,0.14,0.14,0.14,0.14,0.14,0.14,0.14",9.0,1.42,0.38,"Sitelinks, Reviews, Video, Related searches"
ai is not going to take over the world,Informational,30,"1.00,0.14,0.35,0.14,0.14,0.14,0.14,0.14,0.14,0.14,0.14,0.14",43.0,0.0,0.04,"Sitelinks, AI Overview, Reviews, Image pack, Video, People also ask, Related searches"
ai not taker,Commercial,30,"0.02,0.00,0.00,0.00,0.07,0.00,0.00,0.00,0.00,0.66,0.00,1.00",48.0,3.36,0.65,"Sitelinks, Reviews, Image pack, People also ask, Related searches"
ai note taker for financial advisors,Informational,30,"0.00,0.00,0.00,0.18,0.18,0.18,1.00,0.18",19.0,9.24,0.29,"Sitelinks, Video, Related searches"
ai note taker for lectures,Commercial,30,"0.63,0.18,0.18,0.18,0.18,0.18,0.18,0.18,1.00,0.27,0.18,0.18",25.0,3.56,0.72,"Sitelinks, Reviews, Image pack, People also ask, Related searches, People also search, Ads top"
ai recording note taker,Commercial,30,"0.00,0.00,0.00,0.00,0.00,0.00,0.09,0.23,0.04,0.33,1.00,0.80",72.0,4.59,0.71,"Sitelinks, Reviews, Video, People also ask, Related searches"
ai that can take notes from a video,Commercial,30,"0.22,0.22,0.22,0.22,0.22,0.22,0.22,0.22,1.00,0.22,0.22,0.22",16.0,2.1,0.65,"Sitelinks, Reviews, Video, People also ask, Related searches"
ai that takes notes for you from video,Commercial,30,"0.22,0.22,0.22,0.22,0.22,0.22,0.22,1.00,0.55,0.22,0.22,0.22",19.0,1.82,0.58,"Sitelinks, Reviews, Video, People also ask, Related searches, Ads top, Ads bottom"
ai that takes notes on youtube videos,"Informational, Transactional",30,"1.00,0.22,0.22,0.22,0.22,0.22,0.22,0.22,0.22,0.22,0.22,0.22",26.0,1.12,0.38,"Sitelinks, Reviews, Video, People also ask, Related searches"
best ai note taker for zoom,Commercial,30,"0.18,0.18,0.18,0.18,0.18,0.18,0.27,0.18,0.18,1.00,0.18,0.18",35.0,3.88,0.67,"Featured snippet, Sitelinks, Reviews, Image pack, People also ask, Discussions and forums, Related searches, Ads bottom"
discord ai note taker,Informational,30,"0.00,0.00,0.00,0.00,0.00,0.00,0.41,0.11,1.00,0.11,0.11,0.11",7.0,2.86,0.14,"Sitelinks, Reviews, Image, Image pack, Video, People also ask, Related searches"
does zoom have ai note taker,Informational,30,"0.40,0.60,0.40,0.80,0.60,0.40,0.80,1.00,0.40",28.0,2.46,0.29,"Featured snippet, Sitelinks, Reviews, Video, People also ask, Related searches, People also search, Ads middle"
free ai that takes notes for you,Commercial,30,"0.00,0.22,1.00,0.22,0.22,0.77,0.22,0.55,0.22,0.22,0.22,0.22",46.0,0.0,0.57,"Sitelinks, Reviews, Video, People also ask, Related searches, Ads top, Ads bottom"
lecture note taker ai,Commercial,30,"0.11,0.11,0.11,0.11,0.11,0.11,0.11,0.11,0.11,1.00,0.11,0.11",21.0,3.1,0.69,"Sitelinks, Reviews, Image pack, Video, People also ask, Related searches, Ads top"
note ai taker,Commercial,30,"0.00,0.09,0.18,0.18,0.18,0.18,0.18,0.63,1.00,0.18,0.18,0.18",59.0,3.26,0.77,"Sitelinks, Reviews, Video, Related searches"
pdf ai note taker,"Informational, Commercial",30,"0.40,0.60,0.40,0.40,0.40,0.40,0.40,0.40,1.00,0.80,0.40,0.40",18.0,2.22,0.72,"Sitelinks, Reviews, Image pack, Video, Related searches"
phantom ai note taker,"Informational, Commercial",30,"0.18,0.18,0.18,0.18,0.18,0.18,0.18,0.18,0.18,1.00,1.00,0.27",24.0,5.02,0.43,"Reviews, People also ask, Related searches, Ads bottom"
wave ai note taker cost,Navigational,30,"0.00,0.00,0.00,0.00,0.00,0.00,0.00,1.00,0.52,0.09,0.09,0.09",18.0,4.64,0.21,"Sitelinks, Reviews, Image pack, Video, People also ask, Related searches"
webex ai note taker,"Informational, Transactional",30,"0.75,0.50,0.50,1.00,0.75,0.50,0.50,0.50,0.75,0.75,1.00,1.00",29.0,3.21,0.31,"Image pack, Video, People also ask, Related searches, People also search"
youtube note taker ai,"Informational, Transactional",30,"0.14,0.14,0.14,1.00,0.14,0.14,0.14,0.14,0.14,0.14,0.14,0.14",9.0,1.74,0.41,"Sitelinks, Reviews, Video, Related searches, Ads bottom"
zoom ai notes taker,Informational,30,"0.00,1.00,0.60,0.20,0.60,0.80,0.60,0.40,0.40",66.0,3.09,0.64,"Sitelinks, Reviews, Image pack, Video, People also ask, Related searches, Ads top"
zoom note taker ai,"Informational, Transactional",30,"0.25,0.75,0.50,0.25,0.50,1.00,0.50,0.75,0.50,0.50,1.00,0.50",42.0,3.07,0.68,"Sitelinks, Reviews, Image pack, Video, People also ask, Related searches, People also search"
ai app that records lectures and takes notes,,20,"0.00,0.00,0.00,0.00,0.18,1.00,0.18,0.18,0.18,0.18",,2.84,0.81,
ai app that takes notes,,20,"1.00,1.00,1.00,1.00,1.00,1.00,1.00,1.00,1.00,1.00,1.00,1.00",,3.83,0.92,
ai app that takes notes for you,,20,"0.00,1.00,1.00,1.00,1.00,1.00,1.00,1.00,1.00,1.00,1.00",,2.94,0.87,
ai app to take notes,,20,"1.00,1.00,1.00,1.00,1.00,1.00,1.00,1.00,1.00,1.00,1.00,1.00",,2.86,0.87,
ai article note taker,,20,"0.00,1.00,1.00,1.00,1.00,1.00,1.00,1.00,1.00,1.00,1.00,1.00",,1.99,0.84,
ai assistant note taker,,20,"0.00,1.00,1.00,1.00,1.00,1.00,1.00,1.00,1.00,1.00,1.00,1.00",,3.27,0.69,
ai assistant to take notes,,20,"0.00,1.00,1.00,1.00,1.00,1.00,1.00,1.00,1.00,1.00,1.00,1.00",,2.01,0.95,
ai automatic note taker,,20,"1.00,1.00,1.00,1.00,1.00,1.00,1.00,1.00,1.00,1.00,1.00,1.00",,4.31,0.69,
ai book note taker,,20,"0.00,1.00,1.00,1.00,1.00,1.00,1.00,1.00,1.00,1.00,1.00,1.00",,1.78,0.66,
ai call note taker,,20,"1.00,1.00,1.00,1.00,1.00,1.00,1.00,1.00,1.00,1.00,1.00,1.00",,3.93,0.84,
ai free note taker,,20,"0.00,0.50,1.00,1.00,1.00,1.00,1.00,1.00,1.00,1.00,1.00,1.00",,2.04,0.65,
ai is not going to take your job,,20,"0.66,0.66,1.00,0.66,1.00,0.66,0.66,0.66,0.66,0.66,0.66,0.66",,0.0,0.01,
ai note take,,20,"0.03,0.00,0.00,0.00,0.00,0.00,0.00,0.00,0.00,0.00,1.00,0.00",,3.26,0.75,
ai note taker by fathom review,,20,"1.00,1.00,1.00,1.00,1.00,1.00,1.00,1.00,1.00,1.00,1.00,1.00",,0.0,0.07,
ai note taker fathom,,20,"1.00,1.00,1.00,1.00,1.00,1.00,1.00,1.00,1.00,1.00,1.00,1.00",,5.19,0.53,
ai note taker for articles,,20,"0.00,1.00,1.00,1.00,1.00,1.00,1.00,1.00,1.00,1.00,1.00,1.00",,1.33,0.9,
ai note taker for class,,20,"0.00,0.00,1.00,1.00,1.00,1.00,1.00,1.00,1.00,1.00,1.00,1.00",,1.98,0.77,
ai note taker for free,,20,"0.50,0.00,1.00,1.00,1.00,1.00,1.00",,3.22,0.79,
ai note taker for microsoft teams,,20,"0.50,0.50,1.00,1.00,1.00,1.00,1.00,1.00,1.00,1.00,1.00,1.00",,5.59,0.26,
ai note taker for phone calls,,20,"0.00,1.00,1.00,1.00,1.00,1.00,1.00,1.00,1.00,1.00,1.00,1.00",,3.92,0.82,
ai note taker for students free,,20,"0.00,0.00,0.00,0.00,0.00,0.00,0.00,1.00,0.18,0.18,0.18,0.18",,1.93,0.76,
ai note taker for webex,,20,"0.00,1.00,1.00,1.00,1.00,1.00,1.00,1.00,1.00,1.00,1.00,1.00",,2.93,0.7,
ai note taker for youtube,,20,"1.00,1.00,1.00,1.00,1.00,1.00,1.00,1.00,1.00,1.00,1.00,1.00",,1.51,0.59,
ai note taker for youtube videos,,20,"0.00,1.00,1.00,1.00,1.00,1.00,1.00,1.00,1.00,1.00,1.00,1.00",,1.38,0.7,
ai note taker free online,,20,"0.00,0.33,0.00,0.00,0.66,1.00,1.00,1.00,0.66",,2.13,0.84,
ai note taker from powerpoint,,20,"0.50,1.00,1.00,1.00,1.00,1.00,0.00,1.00,1.00,1.00,1.00,1.00",,1.57,0.73,
ai note taker from recording,,20,"0.00,0.50,1.00,0.50,1.00,0.50,0.50,0.50,0.50,0.50,0.50,0.50",,3.87,1.0,
ai note taker from text free,,20,"1.00,1.00,1.00,1.00,1.00,1.00,1.00,1.00,1.00,1.00,1.00,1.00",,2.06,0.9,
ai note taker from youtube,,20,"1.00,1.00,1.00,1.00,1.00,1.00,1.00,1.00,1.00,1.00,1.00,1.00",,1.57,0.55,
ai note taker from youtube video,,20,"0.00,1.00,1.00,1.00,1.00,1.00,1.00,1.00,1.00,1.00,1.00,1.00",,0.99,0.55,
ai note taker in teams,,20,"0.00,1.00,1.00,1.00,1.00,1.00,1.00",,2.39,0.59,
ai note taker lecture,,20,"0.00,0.00,1.00,1.00,1.00,1.00,1.00,1.00,1.00,1.00,1.00,1.00",,2.59,0.68,
ai note taker online,,20,"0.00,0.00,0.00,0.05,0.00,0.00,0.00,0.11,0.11,1.00,0.11",,2.73,0.12,
ai note taker pdf,,20,"0.00,0.40,0.40,0.40,0.40,0.40,0.40,0.40,1.00,0.80,0.60,0.60",,1.58,0.65,
ai note taker recorder,,20,"0.00,1.00,1.00,1.00,1.00,1.00,1.00,1.00,1.00,1.00,1.00,1.00",,3.53,1.0,
ai note taker reviews,,20,"0.00,0.00,0.00,0.00,0.00,0.00,0.00,0.00,0.14,1.00,0.14,0.14",,4.09,0.39,
ai note taker youtube,,20,"0.28,0.28,0.28,0.28,0.28,0.28,0.28,0.28,0.28,1.00,0.28,0.28",,1.31,0.33,
ai powerpoint note taker,,20,"0.00,1.00,1.00,1.00,1.00,1.00,1.00,1.00,1.00,1.00,1.00,1.00",,1.36,0.64,
ai take notes from pdf,,20,"0.50,1.00,1.00,1.00,1.00,1.00,1.00,1.00,1.00,1.00,1.00,1.00",,2.1,0.73,
ai take notes from youtube video,,20,"1.00,1.00,1.00,1.00,1.00,1.00,1.00,1.00,1.00,1.00,1.00,1.00",,1.29,0.54,
ai take notes on youtube video,,20,"1.00,1.00,1.00,1.00,1.00,1.00,1.00,1.00,1.00,1.00,1.00,1.00",,0.93,0.56,
ai takes notes for you,,20,"1.00,1.00,1.00,1.00,1.00,1.00,1.00,1.00,1.00,1.00,1.00,1.00",,2.69,0.77,
ai teams note taker,,20,"1.00,1.00,1.00,1.00,1.00,1.00,1.00,1.00,1.00,1.00,1.00,1.00",,5.28,0.71,
ai that can take notes from a youtube video,,20,"0.00,0.50,0.50,0.50,0.50,0.50,0.50,0.50,0.50,1.00,0.50,0.50",,1.38,0.69,
ai that can watch videos and take notes,,20,"0.00,0.40,0.40,0.40,1.00,0.40,0.40,0.40,0.80,0.40,0.40,0.40",,1.82,0.71,
ai that listens and takes notes free,,20,"0.00,1.00,1.00,1.00,1.00,1.00,0.00,1.00,1.00,1.00,1.00,1.00",,4.02,0.76,
ai that listens to audio and takes notes,,20,"0.00,0.00,0.00,0.00,0.00,0.00,0.00,0.00,0.00,0.78,1.00,0.14",,3.31,0.79,
ai that records and takes notes,,20,"0.00,1.00,1.00,1.00,1.00,1.00,1.00,1.00,1.00,1.00,1.00,1.00",,3.49,0.77,
ai that take notes from video,,20,"0.00,0.00,0.28,1.00,0.42,0.28,0.00",,1.84,0.67,
ai that takes lecture notes,,20,"0.00,0.00,1.00,1.00,1.00,1.00,1.00,1.00,1.00,1.00,1.00,1.00",,2.15,0.92,
ai that takes notes,,20,"1.00,1.00,1.00,1.00,1.00,1.00,1.00,1.00,1.00,1.00,1.00,1.00",,2.5,0.79,
ai that takes notes for you free,,20,"0.00,0.00,0.66,0.66,0.66,0.66,0.66,0.66,0.66,1.00,0.66,0.66",,0.0,0.86,
ai that takes notes for you from pdf,,20,"0.50,1.00,1.00,1.00,1.00,1.00,1.00,1.00,1.00,1.00,1.00",,2.32,0.69,
ai that takes notes from pdf,,20,"0.66,0.66,0.66,0.66,0.66,0.66,0.66,0.66,0.66,1.00,0.66,0.66",,2.53,0.54,
ai that takes notes from textbook,,20,"0.50,0.50,1.00,1.00,1.00,1.00,1.00,1.00,1.00,1.00,1.00,1.00",,0.0,0.76,
ai that takes notes from videos,,20,"0.00,0.00,1.00,1.00,1.00,1.00,1.00,1.00,1.00,1.00,1.00,1.00",,1.92,0.67,
ai that takes notes from youtube video,,20,"1.00,1.00,1.00,1.00,1.00,1.00,1.00,1.00,1.00,1.00,1.00,1.00",,1.44,0.67,
ai that takes videos and makes notes,,20,"0.00,0.00,0.00,1.00,1.00,1.00,1.00,1.00,1.00,1.00,1.00,1.00",,2.1,0.67,
ai that watches youtube videos and takes notes,,20,"1.00,1.00,0.67,0.67,0.67,0.67,0.67,0.67,0.67,0.67,0.67,0.67",,1.24,0.6,
ai that will take notes for you,,20,"1.00,1.00,1.00,1.00,1.00,1.00,1.00,1.00,1.00,1.00,1.00,1.00",,3.52,0.98,
ai to help take notes,,20,"0.00,0.50,0.50,0.50,0.50,1.00,0.50,0.50,0.50,0.50,0.50,0.50",,2.14,0.78,
ai to listen and take notes,,20,"0.40,0.40,0.40,0.40,0.40,0.40,0.40,0.40,0.40,0.40,1.00,0.40",,5.3,0.86,
ai to listen and take notes free,,20,"0.50,0.00,1.00,1.00,1.00,1.00,1.00,1.00",,3.35,0.71,
ai to take lecture notes,,20,"0.00,1.00,1.00,1.00,1.00,1.00,1.00,1.00,1.00,1.00,1.00,1.00",,2.9,0.9,
ai to take notes from audio,,20,"0.00,0.00,0.28,1.00,0.28,0.28,0.28,0.28,0.28,0.28,0.28,0.28",,4.03,0.63,
ai to take notes from pdf,,20,"0.66,0.66,0.66,0.66,0.66,0.66,0.66,0.66,1.00,0.66,0.66,0.66",,1.66,0.86,
ai to take notes from video,,20,"0.28,0.28,0.28,0.28,0.28,0.28,0.28,0.28,0.28,1.00,0.28,0.28",,1.71,0.65,
ai to take notes from youtube video,,20,"1.00,1.00,1.00,1.00,1.00,1.00,1.00,1.00,1.00,1.00,1.00,1.00",,1.17,0.57,
ai to take notes in class,,20,"0.00,1.00,1.00,1.00,0.00,1.00,1.00,1.00,1.00,1.00,1.00,1.00",,3.13,0.8,
ai tool to listen and take notes,,20,"1.00,1.00,1.00,1.00,1.00,1.00,1.00,1.00,1.00,1.00,1.00,1.00",,3.65,0.71,
ai tool to take notes from video,,20,"1.00,1.00,1.00,1.00,1.00,1.00,1.00,1.00,1.00,1.00,1.00,1.00",,2.29,0.8,
ai tool to take notes from youtube video,,20,"1.00,1.00,1.00,1.00,1.00,1.00,1.00,1.00,1.00,1.00,1.00,1.00",,1.67,0.81,
ai tools to take notes,,20,"0.00,0.00,1.00,1.00,1.00,1.00,1.00,0.00,1.00,1.00,1.00,1.00",,3.46,0.71,
ai video note taker free,,20,"1.00,0.50,0.50,0.50,0.50,0.50,0.50,0.50,0.50,0.50,0.50,0.50",,1.66,0.51,
ai voice to text note taker,,20,"0.00,1.00,1.00,1.00,1.00,1.00",,3.08,0.78,
ai will not take over jobs,,20,"1.00,1.00,1.00,1.00,1.00,1.00,0.00,1.00,1.00,1.00,1.00,0.00",,0.0,0.0,
ai will not take over the world,,20,"1.00,1.00,1.00,1.00,1.00,1.00,1.00,1.00,1.00,1.00,1.00,1.00",,0.0,0.0,
ai will not take your job,,20,"0.67,0.67,0.67,0.67,0.67,0.67,0.67,0.67,1.00,0.67,0.67,0.67",,0.0,0.04,
ai will not take your job someone using ai will,,20,"1.00,1.00,1.00,1.00,1.00,1.00,1.00,1.00,1.00,1.00,1.00,1.00",,0.0,0.0,
ai youtube video note taker,,20,"1.00,1.00,1.00,1.00,1.00,1.00,1.00,1.00,1.00,1.00,1.00,1.00",,1.13,0.32,
article note taker ai,,20,"1.00,1.00,1.00,1.00,1.00,1.00,1.00,1.00,1.00,1.00,1.00,1.00",,1.65,0.59,
best ai lecture note taker,,20,"0.00,0.00,0.00,0.18,1.00,0.18,0.18,0.18,0.18",,2.51,0.64,
best ai note taker app,,20,"0.00,0.75,1.00,0.00,0.50,0.50,0.50,0.50,0.50,0.50,0.50,0.50",,2.65,0.75,
best ai to take notes,,20,"1.00,1.00,1.00,1.00,1.00,1.00,1.00,1.00,1.00,1.00,1.00,1.00",,3.52,0.73,
best ai zoom note taker,,20,"1.00,1.00,1.00,1.00,1.00,1.00,1.00,1.00,1.00,1.00,1.00,1.00",,5.02,0.72,
best free ai note taker,,20,"0.00,1.00,1.00,1.00,1.00,1.00,1.00,1.00,1.00,1.00,1.00,1.00",,2.32,0.7,
bot free ai note taker,,20,"0.00,0.50,1.00,1.00,1.00,1.00,1.00",,3.43,0.46,
can ai take notes for you,,20,"0.00,0.00,1.00,1.00,1.00,1.00,1.00,1.00,1.00,1.00,1.00,1.00",,2.1,0.6,
can ai take notes on a video,,20,"0.00,0.20,0.20,1.00,0.40,0.40,0.40,0.40,0.40,0.40,0.40,0.40",,1.29,0.56,
fathom ai note taker download,,20,"0.00,0.00,0.00,0.00,0.00,0.00,1.00,0.18,0.18,0.18,0.18,0.18",,0.0,0.13,
fathom ai note taker pricing,,20,"1.00,1.00,1.00,1.00,1.00,1.00,1.00",,4.36,0.36,
fathom ai note taker review,,20,"1.00,1.00,1.00,1.00,1.00,1.00,1.00,1.00,1.00,1.00,1.00,1.00",,0.0,0.07,
fathom ai note taker zoom,,20,"1.00,1.00,1.00,1.00,1.00,1.00,1.00,1.00,1.00,1.00,1.00,1.00",,5.46,0.36,
fireflies ai note taker review,,20,"1.00,1.00,1.00,1.00,1.00,1.00,1.00,1.00,1.00,1.00,1.00,1.00",,0.0,0.11,
fireflies.ai note taker microsoft teams,,20,"1.00,1.00,1.00,1.00,1.00,1.00,1.00,1.00,1.00,1.00,1.00,1.00",,0.0,0.18,
fireflies.ai note taker teams,,20,"1.00,1.00,1.00,1.00,1.00,1.00,1.00,1.00,1.00,1.00,1.00,1.00",,2.21,0.32,
firefly ai note taker,,20,"0.21,1.00,0.21,0.10,0.21,0.21,0.21,0.21,0.21,0.21,0.21,0.21",,3.25,0.49,
free ai lecture note taker,,20,"0.50,1.00,1.00,1.00,1.00,1.00",,2.31,0.57,
free ai note taker app,,20,"0.50,1.00,1.00,1.00,1.00,1.00",,2.65,0.88,
free ai note taker for students,,20,"0.20,0.00,0.00,0.20,0.40,0.40,1.00,0.40,0.40",,2.09,0.63,
free ai note-taker for teams,,20,"0.00,0.09,0.00,0.00,0.27,0.00,0.18,1.00,0.63,0.36,0.00,0.00",,4.89,0.83,
free ai video note taker,,20,"0.00,1.00,1.00,1.00,1.00,1.00,1.00,1.00,1.00,1.00,1.00,1.00",,1.6,0.71,
free note taker ai,,20,"0.40,0.40,0.40,0.40,0.40,0.40,0.40,0.60,1.00,0.40,0.40,0.40",,2.38,0.73,
free zoom ai note taker,,20,"0.00,1.00,1.00,1.00,1.00,1.00,1.00,1.00,1.00,1.00,1.00,1.00",,2.78,0.77,
how to have ai take notes on zoom,,20,"0.50,1.00,1.00",,2.77,0.53,
how to take ai notes on zoom,,20,"1.00,0.66,0.66,1.00,0.66,0.66,0.66,0.66",,3.07,0.29,
how to take notes using ai,,20,"0.00,1.00,1.00,1.00,1.00,1.00,1.00,1.00,1.00,1.00,1.00",,2.47,0.71,
how to take notes with ai,,20,"0.66,0.66,0.66,0.66,0.66,0.66,0.66,0.66,1.00,0.66,0.66,0.66",,2.51,0.7,
how to use ai to take notes,,20,"0.66,0.66,0.66,0.66,1.00,0.66,0.66,0.66,1.00,0.66,1.00,0.66",,2.48,0.66,
how to use ai to take notes in zoom,,20,"0.75,0.50,0.25,0.75,1.00,0.50,0.50,0.50",,2.34,0.55,
iphone ai note taker,,20,"0.00,0.00,1.00,1.00,1.00,1.00,1.00,1.00",,1.65,0.63,
is there an ai that takes notes for you,,20,"0.00,1.00,0.28,0.28,0.28,0.28,0.28,0.28,0.28,0.28,0.28,0.28",,3.58,0.77,
jobs that will not be taken over by ai,,20,"1.00,1.00,1.00,1.00,1.00,1.00,1.00,1.00,1.00,1.00,1.00,1.00",,0.0,0.0,
let ai listen and take notes,,20,"1.00,0.14,0.14,0.00,0.00,0.00,0.00,0.14,0.00,0.14,0.00,0.00",,0.0,0.0,
note taker ai from pdf,,20,"0.50,1.00,1.00,1.00,0.00,1.00,0.00,1.00,1.00,1.00,1.00,1.00",,2.04,0.85,
note taker ai from text,,20,"1.00,0.66,0.66,0.66,0.66,0.66,0.66,0.66,0.66,0.66,0.66,0.66",,2.05,0.93,
note taker ai from video,,20,"0.00,0.00,0.22,0.22,0.22,1.00,0.22,0.22,0.22,0.22,0.22,0.22",,1.85,0.63,
plaud ai note taker,,20,"1.00,0.14,0.00,0.28,0.28,0.28,0.28,0.28,0.28",,1.54,1.0,
read ai note taker,,20,"0.00,1.00,1.00,1.00,1.00,1.00,1.00,1.00,1.00,1.00,1.00,1.00",,2.96,0.19,
take notes ai free,,20,"1.00,1.00,1.00,1.00,1.00,1.00,1.00,1.00,1.00,0.00,1.00,0.00",,2.15,0.76,
take notes for me ai free,,20,"1.00,0.00,1.00,1.00,1.00,1.00,1.00",,2.16,0.91,
take notes from pdf ai,,20,"0.66,0.66,0.66,0.66,0.66,0.66,0.66,0.66,1.00,0.66,0.66,0.66",,1.54,0.89,
take notes from video ai,,20,"1.00,1.00,1.00,1.00,1.00,1.00,1.00,1.00,0.50,1.00,0.00,0.00",,1.49,0.47,
take notes from youtube videos ai,,20,"1.00,1.00,1.00,1.00,1.00,1.00,1.00,1.00,1.00,1.00,1.00,1.00",,1.17,0.51,
take notes on a video ai,,20,"0.00,1.00,1.00,1.00,1.00,1.00,1.00,1.00,1.00,1.00,1.00,1.00",,1.51,0.62,
take notes with ai,,20,"1.00,1.00,1.00,1.00,0.00,1.00,1.00,1.00,1.00,1.00,1.00,1.00",,2.83,0.73,
teams ai note taker free,,20,"0.00,0.00,0.00,0.00,0.00,0.00,0.00,0.22,1.00,1.00,0.22,0.22",,4.14,0.69,
turbolearn ai note taker,,20,"0.00,0.00,0.00,0.00,0.00,0.00,0.00,0.18,0.18,1.00,0.18,0.18",,2.14,0.2,
using ai to take notes in class,,20,"0.00,1.00,1.00,1.00,1.00",,1.87,0.69,
voice ai note taker,,20,"1.00,1.00,1.00,1.00,1.00,1.00,1.00,1.00,1.00,1.00,1.00,1.00",,1.93,0.8,
website note taker ai,,20,"0.00,1.00,0.50,0.50,0.50,0.50,0.50,0.50,0.50,0.50,0.50,0.50",,1.84,0.75,
what is the best ai note taker,,20,"0.00,1.00,1.00,1.00,1.00,1.00,1.00,1.00,1.00,1.00,1.00,1.00",,3.43,0.8,
what jobs can ai not take over,,20,"1.00,1.00,1.00,1.00,1.00,1.00,1.00,1.00,1.00,1.00,1.00,1.00",,0.0,0.02,
what jobs will ai not take,,20,"1.00,1.00,1.00,1.00,1.00,1.00,1.00,1.00,1.00,1.00,1.00,1.00",,0.0,0.01,
what jobs will ai not take over,,20,"0.66,1.00,0.66,0.66,1.00,0.66,1.00,0.66,0.66,1.00,0.66,0.66",,0.0,0.04,
what jobs will not be taken over by ai,,20,"1.00,1.00,1.00,1.00,1.00,1.00,1.00,1.00,1.00,1.00,1.00,1.00",,0.0,0.02,
why ai will not take over,,20,"1.00,1.00,1.00,1.00,0.00,1.00,0.00,1.00,1.00,1.00,1.00,1.00",,0.0,0.0,
why ai will not take over the world,,20,"1.00,1.00,1.00,1.00,1.00,1.00,1.00,1.00,1.00,1.00,1.00,1.00",,0.0,0.03,
why will ai not take over the world,,20,"1.00,1.00,1.00,1.00,1.00,1.00,1.00,1.00,1.00,1.00,1.00,1.00",,0.0,0.0,
youtube video ai note taker,,20,"1.00,1.00,1.00,1.00,1.00,1.00,1.00,1.00,1.00,1.00,1.00,1.00",,1.1,0.42,
add ai note taker to zoom,,10,"0.00,0.00,0.00,0.00,0.00,0.00,0.00,0.00,0.00,1.00,1.00,1.00",,2.6,0.81,
ai app that records and takes notes,,10,"0.00,0.00,0.00,0.00,0.00,0.00,0.00,1.00,1.00,1.00,1.00,1.00",,2.98,0.82,
ai audio note taker free,,10,"0.00,0.00,0.00,0.00,0.00,0.00,0.00,0.00,1.00,1.00,0.40,0.40",,3.21,0.89,
ai bot that takes notes and flash cards from chapters,,10,"1.00,0.00",,0.0,0.0,
ai document note taker,,10,"0.00,0.00,0.00,0.00,0.00,0.00,0.00,0.00,1.00,1.00,1.00,1.00",,3.31,0.9,
ai live note taker,,10,"0.00,0.00,0.00,0.00,0.00,0.00,0.00,0.00,0.50,1.00,0.50,0.50",,5.02,0.83,
ai note take for mac and ios,,10,"1.00,0.00",,0.0,0.0,
ai note take for zoom,,10,"0.50,1.00,1.00",,2.58,0.81,
ai note taker app free,,10,"0.00,0.00,0.00,0.00,0.00,0.00,0.00,1.00,0.28,0.28,0.28,0.28",,3.63,0.77,
ai note taker coconote,,10,"0.00,0.00,0.00,0.00,0.00,0.00,0.00,1.00,0.28,0.28,0.28,0.28",,0.0,0.26,
ai note taker for pdf,,10,"0.00,0.00,0.00,0.00,0.00,0.00,0.00,0.00,1.00,1.00,1.00,1.00",,2.16,0.84,
ai note taker for school,,10,"1.00,0.00,0.00,0.50,0.00,0.00,0.50,0.50,0.00,0.50,0.00",,0.0,0.0,
ai note taker for textbooks,,10,"0.00,0.00,0.00,0.00,0.00,0.00,0.00,0.00,1.00,1.00,1.00,1.00",,1.93,0.86,
ai note taker for therapists,,10,"1.00,0.00,0.00,1.00,1.00,1.00,1.00,1.00",,19.07,0.91,
ai note taker for zoom free,,10,"0.00,0.00,0.00,0.00,0.00,0.00,1.00,1.00,1.00,1.00,1.00,1.00",,3.96,0.89,
ai note taker free no sign up,,10,"0.00,0.00,0.00,0.00,0.00,0.00,0.00,0.00,0.00,1.00,0.60,0.40",,1.9,0.46,
ai note taker free reddit,,10,"0.00,0.00,0.00,0.00,0.00,0.00,0.00,0.40,1.00,0.40,0.40,0.40",,0.0,0.17,
ai note taker from audio free,,10,"0.00,0.00,0.00,0.00,0.00,0.00,0.00,1.00,0.22,0.22,0.22,0.22",,4.23,0.79,
ai note taker from pdf free,,10,"0.00,0.00,0.00,0.00,0.00,0.00,0.00,0.00,1.00,1.00,1.00,1.00",,0.0,0.86,
ai note taker from slides,,10,"0.00,0.00,0.00,0.00,1.00,1.00,1.00,1.00",,3.19,0.76,
ai note taker from textbook,,10,"0.00,0.00,0.00,0.00,0.00,0.00,0.00,0.00,1.00,1.00,1.00,1.00",,1.62,0.54,
ai note taker from video free,,10,"0.00,0.00,0.00,0.00,0.00,0.00,0.00,0.00,1.00,1.00,1.00,1.00",,1.58,0.75,
ai note taker from voice,,10,"0.00,0.00,0.00,0.00,0.00,0.00,0.00,0.00,0.50,0.50,1.00,0.50",,2.99,0.86,
ai note taker from website,,10,"0.00,0.00,0.00,0.00,0.00,0.00,0.00,0.00,0.00,1.00,1.00,1.00",,3.53,0.61,
ai note taker google chrome,,10,"1.00,0.00",,0.0,0.0,
ai note taker hipaa compliant,,10,"0.00,0.00,0.00,0.00,0.00,0.00,0.00,0.00,0.00,1.00,1.00,1.00",,14.28,0.86,
ai note taker in zoom,,10,"0.00,0.50,0.50,0.50,0.00,0.50,0.00,1.00,1.00,1.00,1.00,1.00",,2.41,0.59,
ai note taker mac,,10,"0.00,0.00,0.00,0.00,0.00,0.00,0.00,0.00,0.00,1.00,1.00,1.00",,2.82,0.5,
ai note taker medical,,10,"0.00,0.00,0.00,0.00,0.00,0.00,0.00,0.00,0.00,1.00,1.00,1.00",,8.06,0.73,
ai note taker microsoft teams,,10,"0.00,0.50,0.50,0.00,0.50,0.00,0.00,0.00,0.50,0.00,1.00,1.00",,2.74,0.56,
ai note taker on zoom,,10,"0.00,0.00,0.00,0.00,1.00,1.00,1.00,1.00,1.00",,3.1,0.83,
ai note taker online free,,10,"0.00,0.00,0.00,0.00,0.00,0.00,0.00,0.00,0.00,1.00,1.00,1.00",,0.0,1.0,
ai note taker website,,10,"0.00,0.00,0.00,0.00,0.00,0.00,0.00,0.00,0.00,1.00,1.00,1.00",,1.6,0.62,
ai note taker without bot,,10,"0.00,0.00,0.00,0.00,0.00,0.00,0.00,1.00,1.00,1.00,1.00,1.00",,3.28,0.63,
ai note taker youtube video,,10,"0.00,0.00,0.00,0.00,0.00,0.00,0.00,0.00,0.80,1.00,0.40,0.40",,0.78,0.34,
ai note video taker,,10,"0.00,0.00,0.00,0.00,0.00,0.00,0.00,0.00,0.00,1.00,1.00,1.00",,1.46,0.58,
ai notes taker free,,10,"0.20,0.20,0.20,0.20,0.40,0.00,0.20,0.00,0.00,1.00,0.00,0.00",,2.37,0.74,
ai podcast generator from notes taken,,10,"1.00,0.00",,0.0,0.0,
ai recorder and note taker,,10,"0.00,0.00,0.00,0.00,0.00,0.00,0.50,1.00,1.00,1.00,1.00,1.00",,2.41,1.0,
ai recorder note taker free,,10,"0.00,0.00,0.00,0.00,0.00,0.00,0.00,0.00,1.00,0.66,0.66,0.66",,3.37,0.86,
ai student note taker,,10,"0.00,0.00,0.00,0.00,0.00,0.00,0.00,1.00,0.50,0.50,0.50,0.50",,1.85,0.53,
ai take notes free,,10,"0.00,0.00,0.00,0.00,0.00,0.00,0.00,0.00,0.00,1.00,1.00,1.00",,0.0,0.5,
ai take notes from audio,,10,"0.00,1.00,1.00,1.00,1.00,1.00,0.00,0.00,0.00,1.00,0.00,0.50",,2.87,0.82,
ai that can take notes,,10,"0.00,0.00,1.00,1.00,1.00,0.00,1.00,1.00,1.00,1.00,1.00,1.00",,1.75,0.67,
ai that helps take notes,,10,"0.00,0.00,0.00,0.00,0.00,0.00,0.00,0.00,1.00,1.00,1.00,1.00",,0.0,0.37,
ai that listens to videos and takes notes,,10,"0.00,0.00,0.00,0.00,0.00,0.00,0.00,0.00,1.00,1.00,1.00,1.00",,2.75,0.67,
ai that records lectures and takes notes,,10,"0.00,0.00,0.00,0.00,0.00,0.00,0.00,1.00,1.00,1.00,1.00",,2.89,0.77,
ai that takes notes for you in class,,10,"0.00,0.00,0.00,0.00,0.00,0.00,0.00,0.00,1.00,1.00,1.00,1.00",,2.22,0.71,
ai that watches video and takes notes,,10,"0.00,0.00,0.00,0.00,1.00,1.00,1.00",,1.56,0.71,
ai therapy note taker,,10,"0.00,0.00,0.00,1.00,1.00,1.00,1.00",,16.42,0.89,
ai to take notes from textbook,,10,"0.00,0.00,0.00,0.00,0.00,0.00,1.00,1.00,1.00",,2.14,0.79,
ai tool that takes notes,,10,"0.00,0.00,0.00,0.00,0.00,0.00,1.00,1.00,1.00",,3.78,0.89,
ai tool to take notes,,10,"1.00,1.00,1.00,0.00,0.00,0.00,0.00,1.00,0.00,0.00,0.00,0.00",,3.46,0.71,
ai video lecture note taker,,10,"0.00,0.00,0.00,0.00,0.00,0.00,0.00,1.00,1.00,1.00,1.00,1.00",,1.36,0.43,
ai video watcher and note taker,,10,"0.00,0.00,0.00,0.00,0.00,0.00,0.00,0.28,1.00,0.28,0.28,0.28",,1.65,0.72,
ai watch video and take notes,,10,"0.00,0.00,0.00,1.00,1.00,1.00,1.00",,1.67,0.66,
ai website that takes notes for you,,10,"0.00,0.00,0.00,0.00,0.00,0.00,0.00,0.00,1.00,0.40,0.40,0.40",,2.3,0.86,
ai zoom meating note taker,,10,"1.00,0.00",,0.0,0.0,
best ai note taker for college students,,10,"1.00,0.50,0.00,0.00,0.00",,0.0,0.0,
best ai note taker for college students reddit,,10,"1.00,0.00",,0.0,0.0,
best ai note taker for microsoft teams,,10,"0.00,0.00,0.00,0.00,0.00,0.00,0.50,0.50,1.00,0.50,0.50,0.50",,5.93,0.56,
best ai note taker for students,,10,"0.00,0.00,0.00,0.00,0.00,0.00,0.00,0.50,1.00,1.00,1.00,1.00",,2.87,0.72,
can onenote be used as an ai note taker,,10,1.00,,0.0,0.0,
can zoom ai take notes,,10,"0.00,0.00,0.00,0.00,0.00,0.00,0.00,0.00,0.50,1.00,1.00,1.00",,0.0,0.43,
dnd ai note taker,,10,"0.00,0.00,0.00,0.00,0.00,0.00,0.00,0.00,0.00,0.66,1.00,1.00",,2.1,0.27,
does microsoft have an ai note taker,,10,"0.00,0.00,0.00,0.00,0.00,0.00,0.00,0.33,1.00,0.33,0.33,0.66",,2.43,0.22,
does microsoft teams have an ai note taker,,10,"0.00,0.00,0.00,0.00,0.50,0.00,0.00,0.00,0.50,1.00,1.00,1.00",,2.84,0.33,
does teams have ai note taker,,10,"0.00,0.00,0.00,0.00,0.00,0.00,0.00,0.00,0.00,1.00,1.00,1.00",,3.11,0.3,
does zoom ai companion take notes,,10,"0.00,0.00,0.00,0.00,0.00,0.00,0.00,0.40,0.40,0.40,0.40,1.00",,0.0,0.01,
fellow ai note taker,,10,"0.00,0.00,0.00,0.00,0.00,0.00,0.00,1.00,1.00,1.00,1.00,1.00",,6.33,0.43,
fireflies ai note taker zoom,,10,"0.00,0.00,0.00,0.00,0.00,0.00,0.33,0.00,0.66,1.00,0.66,0.66",,2.36,0.34,
fred ai note taker,,10,"0.00,0.00,0.00,0.00,0.00,1.00,1.00,1.00,1.00,1.00",,4.27,0.4,
free ai note taker from video,,10,"0.00,0.00,0.00,0.00,0.00,0.00,0.00,0.00,1.00,1.00,1.00,1.00",,2.16,0.69,
free ai recorder note taker,,10,"0.00,0.00,0.00,0.00,0.00,0.00,0.00,0.00,0.00,1.00,1.00,1.00",,3.42,0.94,
free ai zoom note taker,,10,"0.50,0.00,0.00,0.50,0.50,1.00,1.00,1.00,1.00,1.00",,6.04,0.88,
free note taker ai for zoom calls,,10,"1.00,0.00",,0.0,0.0,
free teams ai note taker,,10,"0.00,0.00,0.00,0.00,0.00,0.00,0.00,0.00,1.00,1.00,1.00,1.00",,2.83,0.61,
hipaa compliant ai note taker,,10,"0.00,0.00,0.00,0.00,0.00,0.00,0.00,0.00,1.00,0.50,0.50,0.50",,9.43,0.82,
how to add ai note taker to zoom,,10,"0.00,0.00,0.00,0.00,0.00,0.00,0.00,1.00,1.00,1.00,1.00,1.00",,3.25,0.56,
how to get ai to take notes from a video,,10,"0.00,0.00,0.00,0.00,0.00,0.00,0.00,0.50,0.50,1.00,1.00,1.00",,2.01,0.68,
how to have ai take notes in zoom,,10,"0.00,0.00,0.00,0.00,0.00,0.00,0.00,0.00,0.00,1.00,1.00,1.00",,2.29,0.57,
how to remove ai note taker from teams,,10,"0.00,0.00,0.00,0.00,0.00,0.00,0.00,0.00,1.00,0.50,0.50,0.50",,0.0,0.0,
how to take ai notes with phone,,10,"1.00,0.00",,0.0,0.0,
hubspot ai note taker,,10,"0.00,0.00,0.00,0.00,0.00,0.00,0.00,0.50,1.00,1.00,1.00,1.00",,5.42,0.49,
ipad ai note taker,,10,"0.00,0.00,0.00,0.00,0.00,0.00,0.00,0.00,0.00,1.00,1.00,1.00",,2.0,0.44,
is the ai companion on zoom take notes,,10,"1.00,0.00",,0.0,0.0,
is wave ai note taker free,,10,"0.00,0.00,0.00,0.00,0.00,0.00,0.00,1.00,1.00,1.00,1.00,1.00",,0.0,0.0,
jamie ai note taker review,,10,"0.50,0.00,0.00,0.00,1.00,1.00",,0.0,0.06,
krisp ai note taker review,,10,"0.00,0.00,0.00,0.00,0.00,0.00,0.00,0.00,0.00,1.00,1.00,1.00",,0.0,0.0,
leexi ai note taker,,10,"0.00,0.00,0.00,0.00,0.00,0.00,0.00,0.00,1.00,1.00,1.00,1.00",,0.0,0.18,
live ai note taker,,10,"0.00,0.00,0.00,0.00,0.00,0.00,0.00,0.00,1.00,1.00,1.00,1.00",,3.36,0.9,
not taker from a book ai,,10,"1.00,0.00",,0.0,0.0,
note taker ai from voice,,10,"0.00,0.00,0.00,0.00,0.00,0.00,0.00,0.00,1.00,1.00,1.00,1.00",,2.56,0.84,
note taker ai zoom,,10,"0.00,0.00,0.00,0.00,0.00,1.00,1.00,1.00,1.00",,2.46,0.82,
note taker app ai,,10,"0.00,0.00,0.00,0.00,0.00,0.00,0.00,1.00,1.00,1.00,1.00,1.00",,3.95,0.86,
online ai note taker,,10,"0.50,0.00,0.00,1.00,1.00,1.00,1.00,1.00,1.00",,2.81,0.73,
online note taker ai,,10,"0.00,0.00,0.00,0.00,0.00,0.00,0.00,0.00,0.50,1.00,1.00,1.00",,2.12,0.77,
open ai note taker,,10,"0.00,0.00,0.00,0.00,0.00,0.00,0.00,0.00,0.00,1.00,1.00,1.00",,2.76,0.4,
open source ai note taker,,10,"0.50,0.50,0.00,0.00,1.00,1.00,1.00,1.00,1.00",,1.42,0.24,
phone call ai note taker,,10,"0.00,0.00,0.00,0.00,0.00,0.00,0.00,0.50,1.00,0.50,0.50,0.50",,2.97,0.79,
slack ai note taker,,10,"0.00,0.00,0.00,0.00,0.00,0.00,0.00,0.00,1.00,1.00,1.00,1.00",,4.96,0.57,
sticky ai note taker,,10,"1.00,1.00,1.00,1.00,1.00,0.00,0.00,1.00,1.00,1.00,0.00,0.00",,0.0,0.0,
take notes ai mic for classroom free,,10,"1.00,0.00",,0.0,0.0,
take notes from a video ai,,10,"0.20,0.20,0.20,0.20,0.20,0.20,0.20,0.20,1.00,0.40,0.20,0.40",,1.52,0.54,
take notes from youtube videos ai free,,10,"0.00,1.00,1.00,1.00,1.00,1.00,1.00,0.00,1.00,0.00,1.00,0.00",,0.0,0.0,
take notes on a youtube video ai,,10,"0.00,0.00,0.00,0.00,0.00,0.00,0.00,1.00,1.00,1.00,1.00",,1.06,0.54,
take notes on article ai,,10,"0.00,0.00,0.00,0.00,0.00,0.00,0.00,0.00,0.00,1.00,1.00,1.00",,0.0,0.71,
take notes on pdf ai,,10,"1.00,0.00",,0.0,0.0,
take notes using ai,,10,"0.00,0.00,0.00,0.00,0.00,0.00,0.00,0.00,0.00,1.00,1.00,1.00",,3.41,0.66,
textbook note taker ai,,10,"0.00,0.00,0.00,0.00,0.00,0.00,1.00,1.00,1.00,1.00",,1.46,0.66,
the best ai note taker,,10,"0.00,0.00,0.00,0.00,0.00,0.00,0.00,1.00,1.00,1.00,1.00,1.00",,5.07,0.88,
use ai to take notes,,10,"1.00,1.00,1.00,1.00,0.50,1.00,1.00,0.00,0.00,0.00,1.00,1.00",,2.68,0.76,
using ai to take notes,,10,"1.00,1.00,1.00,1.00,1.00,0.00,0.00,1.00,1.00,1.00,0.00,0.00",,2.68,0.76,
wearable ai note taker,,10,"0.00,0.00,0.00,0.00,0.00,0.00,0.00,0.00,0.00,1.00,0.50,0.50",,2.69,1.0,
what is ai note taker,,10,"0.00,0.00,0.00,0.00,0.00,0.00,0.00,1.00,0.50,0.50,0.50,0.50",,1.58,0.34,
what jobs can ai not take,,10,1.00,,0.0,0.0,
youtube ai note taker free,,10,"0.00,0.00,0.00,0.00,0.00,0.00,0.00,0.00,0.00,1.00,1.00,1.00",,0.0,0.48,
zoom ai assistant note taker,,10,"0.00,0.00,0.00,0.00,0.00,0.00,0.00,0.00,0.00,0.50,1.00,0.50",,2.7,0.69,
zoom ai note taker how to use,,10,"0.00,0.00,0.00,0.00,0.00,0.00,0.00,0.00,0.00,1.00,1.00,1.00",,4.37,0.29,
zoom ai take notes,,10,"0.50,0.00,0.00,0.00,0.00,1.00,1.00,1.00,1.00,1.00",,2.14,0.48,
zoom ai to take notes,,10,"0.00,0.00,0.00,0.00,0.00,0.00,0.00,0.00,1.00,1.00,1.00,1.00",,0.0,0.34,
